"",date,open,high,low,close,volume,hlc3
0,2023-05-10 00:00:00,1846.53,1855.90,1846.34,1851.46,13744.3826,1851.233333
1,2023-05-10 01:00:00,1851.46,1858.92,1848.41,1848.62,13620.9359,1851.983333
2,2023-05-10 02:00:00,1848.61,1849.80,1844.22,1844.49,9615.0552,1846.170000
3,2023-05-10 03:00:00,1844.48,1846.89,1841.68,1843.73,11399.0561,1844.100000
4,2023-05-10 04:00:00,1843.72,1845.91,1841.00,1845.02,6910.6921,1843.976667
5,2023-05-10 05:00:00,1845.02,1848.79,1843.03,1843.41,5473.3725,1845.076667
6,2023-05-10 06:00:00,1843.40,1843.41,1834.23,1841.94,12877.5992,1839.860000
7,2023-05-10 07:00:00,1841.94,1844.39,1838.11,1838.29,13681.3397,1840.263333
8,2023-05-10 08:00:00,1838.29,1841.15,1835.19,1838.00,11430.3383,1838.113333
9,2023-05-10 09:00:00,1838.00,1841.20,1834.67,1839.79,8061.2790,1838.553333
10,2023-05-10 10:00:00,1839.79,1844.20,1838.69,1843.15,10882.3090,1842.013333
11,2023-05-10 11:00:00,1843.16,1851.00,1842.91,1850.49,11251.8961,1848.133333
12,2023-05-10 12:00:00,1850.50,1881.36,1846.84,1877.10,74715.0771,1868.433333
13,2023-05-10 13:00:00,1877.10,1887.47,1868.74,1875.20,49355.9044,1877.136667
14,2023-05-10 14:00:00,1875.21,1882.57,1866.70,1871.00,29100.2594,1873.423333
15,2023-05-10 15:00:00,1870.99,1878.18,1868.99,1872.84,26186.5916,1873.336667
16,2023-05-10 16:00:00,1872.84,1880.00,1872.31,1872.92,20635.2973,1875.076667
17,2023-05-10 17:00:00,1872.92,1874.91,1790.51,1830.41,152240.4304,1831.943333
18,2023-05-10 18:00:00,1830.40,1839.57,1824.20,1834.89,31797.5021,1832.886667
19,2023-05-10 19:00:00,1834.90,1863.80,1833.40,1849.40,39659.2906,1848.866667
20,2023-05-10 20:00:00,1849.41,1862.99,1846.51,1857.38,27904.1265,1855.626667
21,2023-05-10 21:00:00,1857.39,1857.56,1826.84,1837.92,33157.0295,1840.773333
22,2023-05-10 22:00:00,1837.92,1844.18,1834.48,1842.42,15535.1814,1840.360000
23,2023-05-10 23:00:00,1842.43,1847.00,1836.66,1840.84,10698.4395,1841.500000
24,2023-05-11 00:00:00,1840.83,1842.02,1826.96,1831.42,24752.4318,1833.466667
25,2023-05-11 01:00:00,1831.42,1837.21,1827.44,1834.77,12080.9925,1833.140000
26,2023-05-11 02:00:00,1834.76,1835.41,1829.82,1832.80,9951.9755,1832.676667
27,2023-05-11 03:00:00,1832.80,1832.80,1821.35,1827.61,20157.6322,1827.253333
28,2023-05-11 04:00:00,1827.61,1830.00,1824.83,1829.54,9960.5386,1828.123333
29,2023-05-11 05:00:00,1829.55,1833.18,1825.43,1832.22,12816.9861,1830.276667
30,2023-05-11 06:00:00,1832.22,1832.92,1827.62,1831.14,8867.4838,1830.560000
31,2023-05-11 07:00:00,1831.14,1835.36,1826.96,1829.41,15174.3713,1830.576667
32,2023-05-11 08:00:00,1829.41,1829.42,1808.00,1818.78,49134.9890,1818.733333
33,2023-05-11 09:00:00,1818.78,1823.48,1817.21,1820.36,11431.1584,1820.350000
34,2023-05-11 10:00:00,1820.36,1825.81,1819.21,1822.71,8195.2326,1822.576667
35,2023-05-11 11:00:00,1822.71,1824.50,1818.87,1820.84,9406.7401,1821.403333
36,2023-05-11 12:00:00,1820.83,1839.00,1815.52,1819.26,36919.3220,1824.593333
37,2023-05-11 13:00:00,1819.26,1823.59,1801.00,1807.45,43796.3532,1810.680000
38,2023-05-11 14:00:00,1807.46,1810.30,1785.50,1798.59,49449.4729,1798.130000
39,2023-05-11 15:00:00,1798.58,1809.08,1794.96,1807.70,25265.7819,1803.913333
40,2023-05-11 16:00:00,1807.70,1810.48,1802.53,1804.74,18423.5953,1805.916667
41,2023-05-11 17:00:00,1804.74,1804.75,1772.68,1782.92,61249.7693,1786.783333
42,2023-05-11 18:00:00,1782.92,1790.32,1776.72,1789.40,24995.8159,1785.480000
43,2023-05-11 19:00:00,1789.41,1797.53,1776.36,1784.46,22582.9341,1786.116667
44,2023-05-11 20:00:00,1784.47,1799.76,1782.39,1795.26,16251.2860,1792.470000
45,2023-05-11 21:00:00,1795.27,1800.30,1791.82,1793.06,10091.1143,1795.060000
46,2023-05-11 22:00:00,1793.05,1800.12,1788.34,1789.68,10297.2080,1792.713333
47,2023-05-11 23:00:00,1789.67,1801.20,1784.43,1794.30,10842.8877,1793.310000
48,2023-05-12 00:00:00,1794.31,1800.00,1791.86,1798.82,8183.2512,1796.893333
49,2023-05-12 01:00:00,1798.81,1801.99,1786.25,1788.78,12465.7262,1792.340000
50,2023-05-12 02:00:00,1788.78,1789.52,1760.00,1770.15,32809.1025,1773.223333
51,2023-05-12 03:00:00,1770.15,1773.93,1758.21,1763.25,27345.9647,1765.130000
52,2023-05-12 04:00:00,1763.25,1770.03,1755.00,1769.09,23079.6389,1764.706667
53,2023-05-12 05:00:00,1769.08,1769.40,1740.00,1748.47,33231.4564,1752.623333
54,2023-05-12 06:00:00,1748.47,1757.88,1741.83,1755.43,46715.0766,1751.713333
55,2023-05-12 07:00:00,1755.43,1763.01,1755.00,1759.47,43316.3342,1759.160000
56,2023-05-12 08:00:00,1759.48,1763.64,1755.29,1760.71,15077.4910,1759.880000
57,2023-05-12 09:00:00,1760.71,1769.10,1760.71,1766.42,20305.1960,1765.410000
58,2023-05-12 10:00:00,1766.42,1771.87,1764.68,1765.26,13364.9836,1767.270000
59,2023-05-12 11:00:00,1765.26,1768.92,1762.91,1764.86,9855.6077,1765.563333
60,2023-05-12 12:00:00,1764.86,1777.34,1763.84,1772.54,15532.5825,1771.240000
61,2023-05-12 13:00:00,1772.53,1777.59,1768.60,1773.51,15739.1441,1773.233333
62,2023-05-12 14:00:00,1773.51,1783.23,1764.24,1766.44,26494.6815,1771.303333
63,2023-05-12 15:00:00,1766.43,1771.11,1761.08,1765.55,17464.7361,1765.913333
64,2023-05-12 16:00:00,1765.54,1777.01,1763.22,1769.59,17783.1241,1769.940000
65,2023-05-12 17:00:00,1769.59,1777.60,1769.56,1771.10,14344.0214,1772.753333
66,2023-05-12 18:00:00,1771.09,1774.80,1769.86,1770.19,11367.5349,1771.616667
67,2023-05-12 19:00:00,1770.19,1794.96,1742.69,1790.01,60997.5327,1775.886667
68,2023-05-12 20:00:00,1790.00,1793.24,1781.31,1787.91,29400.2584,1787.486667
69,2023-05-12 21:00:00,1787.90,1818.63,1787.90,1805.20,41434.7336,1803.910000
70,2023-05-12 22:00:00,1805.21,1816.89,1799.45,1802.45,17662.8802,1806.263333
71,2023-05-12 23:00:00,1802.45,1810.71,1800.80,1807.45,11568.7724,1806.320000
72,2023-05-13 00:00:00,1807.45,1809.59,1801.16,1808.60,12776.2912,1806.450000
73,2023-05-13 01:00:00,1808.59,1817.03,1805.00,1809.18,16157.6890,1810.403333
74,2023-05-13 02:00:00,1809.18,1810.51,1805.09,1805.45,5214.7574,1807.016667
75,2023-05-13 03:00:00,1805.45,1808.33,1805.19,1805.61,7096.5862,1806.376667
76,2023-05-13 04:00:00,1805.62,1806.84,1798.56,1801.74,6484.9705,1802.380000
77,2023-05-13 05:00:00,1801.74,1806.10,1796.80,1797.94,12091.0049,1800.280000
78,2023-05-13 06:00:00,1797.94,1799.65,1796.84,1797.31,4379.1467,1797.933333
79,2023-05-13 07:00:00,1797.32,1806.10,1796.80,1802.98,7410.2062,1801.960000
80,2023-05-13 08:00:00,1802.98,1805.80,1801.24,1804.20,6073.3884,1803.746667
81,2023-05-13 09:00:00,1804.20,1809.36,1803.00,1807.42,7956.6342,1806.593333
82,2023-05-13 10:00:00,1807.43,1811.46,1803.33,1805.95,8313.5012,1806.913333
83,2023-05-13 11:00:00,1805.95,1806.93,1802.33,1803.78,6820.4973,1804.346667
84,2023-05-13 12:00:00,1803.79,1809.91,1797.54,1804.11,10220.2699,1803.853333
85,2023-05-13 13:00:00,1804.12,1807.00,1797.07,1801.23,10094.4145,1801.766667
86,2023-05-13 14:00:00,1801.22,1802.80,1785.23,1793.51,16014.2402,1793.846667
87,2023-05-13 15:00:00,1793.51,1798.50,1789.33,1795.90,10384.6438,1794.576667
88,2023-05-13 16:00:00,1795.91,1795.91,1791.12,1794.12,5459.2634,1793.716667
89,2023-05-13 17:00:00,1794.12,1798.49,1790.35,1793.55,11330.7653,1794.130000
90,2023-05-13 18:00:00,1793.56,1806.45,1786.12,1789.18,13081.3898,1793.916667
91,2023-05-13 19:00:00,1789.18,1800.58,1787.46,1792.83,10843.6216,1793.623333
92,2023-05-13 20:00:00,1792.84,1804.40,1792.38,1802.75,5907.9623,1799.843333
93,2023-05-13 21:00:00,1802.76,1804.89,1797.95,1799.84,6805.5372,1800.893333
94,2023-05-13 22:00:00,1799.84,1802.32,1797.29,1801.83,5917.0001,1800.480000
95,2023-05-13 23:00:00,1801.83,1804.72,1793.91,1795.11,6061.6560,1797.913333
96,2023-05-14 00:00:00,1795.12,1802.00,1789.82,1800.29,13737.0713,1797.370000
97,2023-05-14 01:00:00,1800.30,1801.59,1791.62,1794.80,6961.6889,1796.003333
98,2023-05-14 02:00:00,1794.79,1800.73,1793.66,1799.20,3829.6511,1797.863333
99,2023-05-14 03:00:00,1799.19,1805.80,1797.60,1803.89,5901.2479,1802.430000
100,2023-05-14 04:00:00,1803.88,1804.90,1800.94,1802.94,6005.4140,1802.926667
101,2023-05-14 05:00:00,1802.95,1805.38,1801.27,1802.92,4314.0866,1803.190000
102,2023-05-14 06:00:00,1802.93,1809.84,1802.92,1805.83,10795.3404,1806.196667
103,2023-05-14 07:00:00,1805.83,1809.31,1804.41,1805.21,5197.2979,1806.310000
104,2023-05-14 08:00:00,1805.21,1805.74,1801.84,1802.80,5085.8643,1803.460000
105,2023-05-14 09:00:00,1802.79,1806.79,1799.91,1803.62,6874.1746,1803.440000
106,2023-05-14 10:00:00,1803.61,1803.99,1800.67,1802.19,4494.5474,1802.283333
107,2023-05-14 11:00:00,1802.19,1803.57,1800.20,1802.05,3600.7513,1801.940000
108,2023-05-14 12:00:00,1802.04,1808.75,1797.50,1808.30,9322.7515,1804.850000
109,2023-05-14 13:00:00,1808.29,1813.21,1803.33,1810.61,11853.8310,1809.050000
110,2023-05-14 14:00:00,1810.61,1812.98,1804.88,1809.10,9056.5013,1808.986667
111,2023-05-14 15:00:00,1809.10,1824.00,1808.45,1819.05,29757.2397,1817.166667
112,2023-05-14 16:00:00,1819.06,1821.87,1806.02,1807.69,16547.2688,1811.860000
113,2023-05-14 17:00:00,1807.70,1809.80,1803.34,1806.36,9752.7749,1806.500000
114,2023-05-14 18:00:00,1806.37,1806.37,1795.10,1801.63,13473.9927,1801.033333
115,2023-05-14 19:00:00,1801.63,1802.40,1792.40,1796.32,13160.1344,1797.040000
116,2023-05-14 20:00:00,1796.32,1799.71,1791.45,1798.47,9524.5140,1796.543333
117,2023-05-14 21:00:00,1798.47,1800.60,1794.64,1799.69,6638.2995,1798.310000
118,2023-05-14 22:00:00,1799.69,1802.41,1795.03,1800.02,6708.8773,1799.153333
119,2023-05-14 23:00:00,1800.01,1801.77,1795.81,1799.21,5507.7769,1798.930000
120,2023-05-15 00:00:00,1799.20,1800.36,1785.05,1790.63,26417.1727,1792.013333
121,2023-05-15 01:00:00,1790.64,1829.93,1789.16,1823.70,51736.0682,1814.263333
122,2023-05-15 02:00:00,1823.70,1828.38,1820.02,1823.20,20031.3599,1823.866667
123,2023-05-15 03:00:00,1823.20,1835.85,1823.15,1826.09,21210.7222,1828.363333
124,2023-05-15 04:00:00,1826.10,1832.92,1823.27,1828.01,11972.9223,1828.066667
125,2023-05-15 05:00:00,1828.01,1831.10,1819.21,1825.73,20828.6923,1825.346667
126,2023-05-15 06:00:00,1825.73,1834.28,1822.81,1832.20,26441.9940,1829.763333
127,2023-05-15 07:00:00,1832.21,1834.47,1826.99,1828.72,9295.3956,1830.060000
128,2023-05-15 08:00:00,1828.73,1832.55,1827.00,1831.61,9793.6576,1830.386667
129,2023-05-15 09:00:00,1831.60,1836.06,1825.64,1828.66,11229.5325,1830.120000
130,2023-05-15 10:00:00,1828.65,1829.32,1825.75,1828.73,5587.9686,1827.933333
131,2023-05-15 11:00:00,1828.74,1830.60,1823.87,1824.39,9253.3669,1826.286667
132,2023-05-15 12:00:00,1824.39,1828.34,1823.74,1826.29,7784.6774,1826.123333
133,2023-05-15 13:00:00,1826.29,1828.60,1821.08,1823.99,11777.0759,1824.556667
134,2023-05-15 14:00:00,1823.99,1836.28,1812.97,1824.64,25641.1886,1824.630000
135,2023-05-15 15:00:00,1824.63,1830.38,1821.67,1827.84,10947.3018,1826.630000
136,2023-05-15 16:00:00,1827.85,1839.20,1826.40,1834.24,28705.6935,1833.280000
137,2023-05-15 17:00:00,1834.25,1846.70,1828.70,1833.92,30366.3843,1836.440000
138,2023-05-15 18:00:00,1833.92,1835.00,1826.39,1829.66,9685.6964,1830.350000
139,2023-05-15 19:00:00,1829.67,1831.00,1823.73,1828.74,8673.8874,1827.823333
140,2023-05-15 20:00:00,1828.74,1829.75,1824.40,1825.64,5863.5828,1826.596667
141,2023-05-15 21:00:00,1825.65,1826.26,1823.76,1825.10,4503.7588,1825.040000
142,2023-05-15 22:00:00,1825.11,1825.63,1819.49,1823.18,8185.0643,1822.766667
143,2023-05-15 23:00:00,1823.17,1823.25,1813.00,1816.20,12238.7621,1817.483333
144,2023-05-16 00:00:00,1816.21,1822.69,1803.67,1813.02,18100.5973,1813.126667
145,2023-05-16 01:00:00,1813.02,1815.59,1796.20,1806.66,40796.3191,1806.150000
146,2023-05-16 02:00:00,1806.65,1810.11,1804.04,1809.90,9094.6083,1808.016667
147,2023-05-16 03:00:00,1809.89,1814.74,1809.00,1813.53,11146.5956,1812.423333
148,2023-05-16 04:00:00,1813.53,1814.92,1810.70,1812.30,5709.1118,1812.640000
149,2023-05-16 05:00:00,1812.30,1814.93,1809.06,1810.75,6818.3580,1811.580000
150,2023-05-16 06:00:00,1810.75,1813.25,1806.03,1811.83,7725.9001,1810.370000
151,2023-05-16 07:00:00,1811.83,1823.61,1811.67,1822.68,24396.0996,1819.320000
152,2023-05-16 08:00:00,1822.68,1827.18,1818.09,1819.80,13761.5509,1821.690000
153,2023-05-16 09:00:00,1819.80,1821.22,1815.60,1816.88,9708.6793,1817.900000
154,2023-05-16 10:00:00,1816.87,1817.68,1811.67,1812.66,11740.7717,1814.003333
155,2023-05-16 11:00:00,1812.66,1820.00,1811.93,1816.53,6467.3557,1816.153333
156,2023-05-16 12:00:00,1816.54,1823.24,1810.00,1818.92,16401.4480,1817.386667
157,2023-05-16 13:00:00,1818.93,1821.60,1813.36,1814.20,13489.5308,1816.386667
158,2023-05-16 14:00:00,1814.20,1818.14,1810.71,1816.21,17254.1420,1815.020000
159,2023-05-16 15:00:00,1816.21,1822.98,1816.21,1820.20,12184.1568,1819.796667
160,2023-05-16 16:00:00,1820.20,1829.76,1817.82,1823.72,17186.1656,1823.766667
161,2023-05-16 17:00:00,1823.73,1828.80,1816.32,1827.24,13455.7151,1824.120000
162,2023-05-16 18:00:00,1827.24,1832.64,1822.58,1825.91,14832.9523,1827.043333
163,2023-05-16 19:00:00,1825.91,1827.26,1814.34,1816.80,11837.4023,1819.466667
164,2023-05-16 20:00:00,1816.79,1823.60,1814.84,1821.25,7389.2139,1819.896667
165,2023-05-16 21:00:00,1821.24,1829.34,1818.49,1825.89,7445.3355,1824.573333
166,2023-05-16 22:00:00,1825.89,1827.91,1822.77,1823.40,7418.0044,1824.693333
167,2023-05-16 23:00:00,1823.41,1826.32,1819.63,1824.21,6878.6645,1823.386667
168,2023-05-17 00:00:00,1824.21,1827.51,1817.71,1825.43,10048.2667,1823.550000
169,2023-05-17 01:00:00,1825.44,1837.50,1823.64,1831.34,15025.8179,1830.826667
170,2023-05-17 02:00:00,1831.34,1831.90,1823.05,1823.21,9101.7642,1826.053333
171,2023-05-17 03:00:00,1823.20,1826.46,1822.28,1823.82,5396.9990,1824.186667
172,2023-05-17 04:00:00,1823.81,1826.69,1823.01,1824.21,5944.5579,1824.636667
173,2023-05-17 05:00:00,1824.21,1824.21,1818.28,1818.76,7941.3304,1820.416667
174,2023-05-17 06:00:00,1818.75,1819.32,1815.00,1818.14,8199.2806,1817.486667
175,2023-05-17 07:00:00,1818.14,1821.22,1803.33,1807.75,18743.1608,1810.766667
176,2023-05-17 08:00:00,1807.74,1808.56,1802.12,1805.96,22569.1729,1805.546667
177,2023-05-17 09:00:00,1805.95,1807.88,1800.87,1806.98,20294.1398,1805.243333
178,2023-05-17 10:00:00,1806.98,1807.52,1803.43,1806.04,7895.4941,1805.663333
179,2023-05-17 11:00:00,1806.03,1806.04,1788.10,1790.20,30624.1299,1794.780000
180,2023-05-17 12:00:00,1790.20,1797.83,1788.43,1794.47,13987.2450,1793.576667
181,2023-05-17 13:00:00,1794.47,1799.89,1789.01,1790.46,13524.0762,1793.120000
182,2023-05-17 14:00:00,1790.45,1800.35,1783.68,1798.14,22674.0523,1794.056667
183,2023-05-17 15:00:00,1798.13,1800.20,1792.66,1797.24,11174.5063,1796.700000
184,2023-05-17 16:00:00,1797.24,1806.52,1794.68,1804.25,18292.2526,1801.816667
185,2023-05-17 17:00:00,1804.25,1821.49,1800.84,1815.99,21889.5381,1812.773333
186,2023-05-17 18:00:00,1816.00,1824.74,1815.99,1818.41,18960.2531,1819.713333
187,2023-05-17 19:00:00,1818.41,1833.93,1818.39,1828.10,28881.8264,1826.806667
188,2023-05-17 20:00:00,1828.11,1835.37,1822.92,1826.59,13694.3639,1828.293333
189,2023-05-17 21:00:00,1826.60,1830.25,1822.20,1823.58,10578.5829,1825.343333
190,2023-05-17 22:00:00,1823.59,1825.66,1819.26,1820.32,8106.9947,1821.746667
191,2023-05-17 23:00:00,1820.32,1824.20,1820.31,1822.12,8550.1856,1822.210000
192,2023-05-18 00:00:00,1822.12,1824.58,1818.28,1820.69,8930.3029,1821.183333
193,2023-05-18 01:00:00,1820.69,1824.97,1818.83,1820.31,6403.0315,1821.370000
194,2023-05-18 02:00:00,1820.30,1826.82,1818.80,1825.59,6184.6914,1823.736667
195,2023-05-18 03:00:00,1825.58,1827.82,1823.81,1826.59,7435.3628,1826.073333
196,2023-05-18 04:00:00,1826.58,1827.05,1822.61,1823.25,5622.2004,1824.303333
197,2023-05-18 05:00:00,1823.24,1824.47,1818.85,1819.40,6616.4899,1820.906667
198,2023-05-18 06:00:00,1819.41,1820.55,1814.92,1817.64,8309.3898,1817.703333
199,2023-05-18 07:00:00,1817.65,1831.92,1817.64,1827.10,14292.9382,1825.553333
200,2023-05-18 08:00:00,1827.10,1830.00,1824.86,1826.38,8169.9107,1827.080000
201,2023-05-18 09:00:00,1826.38,1828.61,1824.48,1826.45,7002.2709,1826.513333
202,2023-05-18 10:00:00,1826.45,1828.43,1825.14,1826.48,5839.8478,1826.683333
203,2023-05-18 11:00:00,1826.48,1826.78,1823.24,1825.43,5098.8308,1825.150000
204,2023-05-18 12:00:00,1825.44,1827.18,1817.78,1818.52,11239.7059,1821.160000
205,2023-05-18 13:00:00,1818.53,1820.31,1812.62,1818.28,14475.7560,1817.070000
206,2023-05-18 14:00:00,1818.29,1824.34,1805.11,1816.92,18726.8401,1815.456667
207,2023-05-18 15:00:00,1816.92,1820.78,1806.64,1807.99,14408.3393,1811.803333
208,2023-05-18 16:00:00,1807.99,1812.70,1806.95,1809.76,11702.4717,1809.803333
209,2023-05-18 17:00:00,1809.76,1811.46,1771.12,1778.44,43032.5984,1787.006667
210,2023-05-18 18:00:00,1778.44,1788.71,1773.07,1785.71,23965.7007,1782.496667
211,2023-05-18 19:00:00,1785.70,1801.26,1783.32,1795.20,16854.0957,1793.260000
212,2023-05-18 20:00:00,1795.20,1800.19,1793.57,1796.75,7722.2862,1796.836667
213,2023-05-18 21:00:00,1796.74,1821.36,1796.74,1814.67,20286.0463,1810.923333
214,2023-05-18 22:00:00,1814.67,1815.73,1807.80,1808.76,10116.6183,1810.763333
215,2023-05-18 23:00:00,1808.77,1808.77,1799.73,1800.56,11319.5853,1803.020000
216,2023-05-19 00:00:00,1800.56,1807.59,1798.43,1804.15,11638.2073,1803.390000
217,2023-05-19 01:00:00,1804.15,1806.87,1796.81,1799.30,8355.0755,1800.993333
218,2023-05-19 02:00:00,1799.29,1802.00,1797.28,1800.26,4932.7652,1799.846667
219,2023-05-19 03:00:00,1800.27,1803.56,1797.92,1801.35,5823.2280,1800.943333
220,2023-05-19 04:00:00,1801.35,1804.68,1799.13,1804.68,5153.5323,1802.830000
221,2023-05-19 05:00:00,1804.68,1806.67,1803.22,1805.40,7563.0393,1805.096667
222,2023-05-19 06:00:00,1805.41,1808.94,1803.71,1807.32,9531.9990,1806.656667
223,2023-05-19 07:00:00,1807.32,1810.53,1805.61,1805.62,8927.0345,1807.253333
224,2023-05-19 08:00:00,1805.61,1810.15,1805.26,1808.34,6711.1416,1807.916667
225,2023-05-19 09:00:00,1808.34,1811.40,1806.67,1807.58,6358.2460,1808.550000
226,2023-05-19 10:00:00,1807.58,1811.87,1805.95,1806.99,8595.3177,1808.270000
227,2023-05-19 11:00:00,1807.00,1809.36,1804.99,1807.50,9780.4861,1807.283333
228,2023-05-19 12:00:00,1807.50,1818.28,1807.50,1814.75,16602.2853,1813.510000
229,2023-05-19 13:00:00,1814.74,1818.80,1812.73,1814.86,13514.0002,1815.463333
230,2023-05-19 14:00:00,1814.87,1815.25,1807.23,1811.14,13499.4952,1811.206667
231,2023-05-19 15:00:00,1811.15,1829.54,1800.81,1815.45,50604.5788,1815.266667
232,2023-05-19 16:00:00,1815.46,1818.80,1811.25,1812.21,12164.1320,1814.086667
233,2023-05-19 17:00:00,1812.21,1822.87,1810.42,1818.93,11763.3122,1817.406667
234,2023-05-19 18:00:00,1818.92,1822.20,1815.92,1817.40,8349.4312,1818.506667
235,2023-05-19 19:00:00,1817.39,1817.40,1806.97,1811.44,9427.6605,1811.936667
236,2023-05-19 20:00:00,1811.44,1815.82,1809.41,1812.08,5198.1881,1812.436667
237,2023-05-19 21:00:00,1812.08,1815.05,1811.80,1813.82,2660.5459,1813.556667
238,2023-05-19 22:00:00,1813.82,1814.75,1812.33,1812.34,3700.6142,1813.140000
239,2023-05-19 23:00:00,1812.34,1814.16,1811.05,1812.32,2262.1515,1812.510000
240,2023-05-20 00:00:00,1812.31,1813.70,1807.06,1808.33,5931.8005,1809.696667
241,2023-05-20 01:00:00,1808.33,1811.32,1808.00,1809.89,3303.2377,1809.736667
242,2023-05-20 02:00:00,1809.90,1811.96,1807.95,1808.74,2846.4603,1809.550000
243,2023-05-20 03:00:00,1808.75,1813.49,1808.20,1813.43,3840.5222,1811.706667
244,2023-05-20 04:00:00,1813.43,1813.94,1811.55,1813.40,2849.9988,1812.963333
245,2023-05-20 05:00:00,1813.39,1813.40,1809.46,1810.60,4739.5260,1811.153333
246,2023-05-20 06:00:00,1810.59,1811.02,1808.41,1809.92,4684.0583,1809.783333
247,2023-05-20 07:00:00,1809.91,1811.60,1809.23,1811.19,2761.7665,1810.673333
248,2023-05-20 08:00:00,1811.18,1814.78,1811.18,1814.55,3844.4870,1813.503333
249,2023-05-20 09:00:00,1814.54,1815.91,1812.53,1813.20,4165.4575,1813.880000
250,2023-05-20 10:00:00,1813.20,1815.99,1813.06,1813.29,4034.9316,1814.113333
251,2023-05-20 11:00:00,1813.29,1814.70,1811.63,1813.39,5548.6658,1813.240000
252,2023-05-20 12:00:00,1813.38,1817.60,1813.31,1813.52,8206.5035,1814.810000
253,2023-05-20 13:00:00,1813.52,1815.72,1812.69,1814.26,4860.1777,1814.223333
254,2023-05-20 14:00:00,1814.25,1820.00,1814.25,1819.20,8123.1224,1817.816667
255,2023-05-20 15:00:00,1819.20,1820.77,1816.70,1817.50,5885.9520,1818.323333
256,2023-05-20 16:00:00,1817.50,1818.17,1815.06,1815.88,2969.6825,1816.370000
257,2023-05-20 17:00:00,1815.89,1827.57,1813.50,1826.99,13723.0626,1822.686667
258,2023-05-20 18:00:00,1827.00,1828.87,1819.68,1820.00,11791.7266,1822.850000
259,2023-05-20 19:00:00,1819.99,1822.51,1814.40,1821.33,6731.4574,1819.413333
260,2023-05-20 20:00:00,1821.33,1822.66,1815.45,1816.48,4249.7237,1818.196667
261,2023-05-20 21:00:00,1816.48,1817.67,1812.07,1817.26,6891.5119,1815.666667
262,2023-05-20 22:00:00,1817.26,1818.69,1815.67,1818.34,3200.2992,1817.566667
263,2023-05-20 23:00:00,1818.34,1820.16,1817.21,1819.42,2570.3032,1818.930000
264,2023-05-21 00:00:00,1819.42,1828.98,1816.78,1826.72,10629.3100,1824.160000
265,2023-05-21 01:00:00,1826.72,1827.97,1817.36,1817.72,6514.8254,1821.016667
266,2023-05-21 02:00:00,1817.72,1819.92,1816.78,1818.85,4072.5750,1818.516667
267,2023-05-21 03:00:00,1818.86,1819.35,1817.63,1817.88,3210.2938,1818.286667
268,2023-05-21 04:00:00,1817.87,1818.13,1815.64,1817.17,4840.8267,1816.980000
269,2023-05-21 05:00:00,1817.18,1817.45,1813.62,1815.13,4912.9229,1815.400000
270,2023-05-21 06:00:00,1815.13,1815.82,1813.51,1815.45,3629.6251,1814.926667
271,2023-05-21 07:00:00,1815.46,1817.48,1814.09,1817.00,3953.2388,1816.190000
272,2023-05-21 08:00:00,1816.99,1817.00,1813.43,1815.47,4363.7528,1815.300000
273,2023-05-21 09:00:00,1815.46,1817.36,1812.52,1816.84,5365.3942,1815.573333
274,2023-05-21 10:00:00,1816.83,1817.05,1808.05,1810.17,9141.0250,1811.756667
275,2023-05-21 11:00:00,1810.16,1813.45,1806.54,1809.48,13311.2925,1809.823333
276,2023-05-21 12:00:00,1809.49,1815.23,1808.54,1813.81,9233.1776,1812.526667
277,2023-05-21 13:00:00,1813.81,1813.93,1812.05,1812.43,3242.3223,1812.803333
278,2023-05-21 14:00:00,1812.43,1817.76,1811.36,1812.16,6268.9396,1813.760000
279,2023-05-21 15:00:00,1812.15,1816.98,1802.58,1807.33,13861.9054,1808.963333
280,2023-05-21 16:00:00,1807.34,1810.53,1804.02,1807.20,8823.2979,1807.250000
281,2023-05-21 17:00:00,1807.21,1808.80,1802.37,1806.65,6812.2241,1805.940000
282,2023-05-21 18:00:00,1806.65,1808.61,1805.56,1806.44,4090.8795,1806.870000
283,2023-05-21 19:00:00,1806.43,1810.18,1805.84,1810.08,3791.6675,1808.700000
284,2023-05-21 20:00:00,1810.07,1811.72,1805.43,1805.60,4660.6999,1807.583333
285,2023-05-21 21:00:00,1805.60,1806.25,1797.21,1803.32,16324.7366,1802.260000
286,2023-05-21 22:00:00,1803.33,1807.00,1802.54,1804.99,5790.5765,1804.843333
287,2023-05-21 23:00:00,1804.99,1808.07,1802.64,1804.91,4672.2962,1805.206667
288,2023-05-22 00:00:00,1804.91,1806.76,1792.01,1798.86,14565.3927,1799.210000
289,2023-05-22 01:00:00,1798.85,1801.72,1792.60,1793.96,11453.1009,1796.093333
290,2023-05-22 02:00:00,1793.96,1803.78,1792.03,1801.85,9232.2654,1799.220000
291,2023-05-22 03:00:00,1801.85,1803.69,1800.35,1800.98,4375.7602,1801.673333
292,2023-05-22 04:00:00,1800.98,1804.84,1800.78,1802.56,5629.6421,1802.726667
293,2023-05-22 05:00:00,1802.56,1804.96,1802.56,1803.99,5124.1266,1803.836667
294,2023-05-22 06:00:00,1803.99,1815.00,1803.70,1808.98,10820.8635,1809.226667
295,2023-05-22 07:00:00,1808.99,1811.65,1808.15,1811.19,5938.5459,1810.330000
296,2023-05-22 08:00:00,1811.19,1817.40,1810.70,1811.65,12624.0311,1813.250000
297,2023-05-22 09:00:00,1811.65,1818.96,1811.64,1817.50,9638.1186,1816.033333
298,2023-05-22 10:00:00,1817.50,1820.17,1814.73,1817.17,10301.7148,1817.356667
299,2023-05-22 11:00:00,1817.18,1817.45,1812.78,1814.32,4817.3340,1814.850000
300,2023-05-22 12:00:00,1814.32,1816.38,1809.50,1810.39,9490.0311,1812.090000
301,2023-05-22 13:00:00,1810.40,1828.27,1808.97,1822.09,25180.8725,1819.776667
302,2023-05-22 14:00:00,1822.09,1824.40,1808.54,1819.35,21301.4725,1817.430000
303,2023-05-22 15:00:00,1819.34,1821.32,1812.51,1816.64,9476.7029,1816.823333
304,2023-05-22 16:00:00,1816.64,1819.71,1814.20,1817.80,8620.3939,1817.236667
305,2023-05-22 17:00:00,1817.80,1820.00,1813.46,1816.97,16559.8789,1816.810000
306,2023-05-22 18:00:00,1816.98,1823.44,1816.97,1819.53,11835.0588,1819.980000
307,2023-05-22 19:00:00,1819.53,1820.26,1814.42,1816.40,7675.4541,1817.026667
308,2023-05-22 20:00:00,1816.40,1819.79,1813.33,1818.29,4650.4037,1817.136667
309,2023-05-22 21:00:00,1818.29,1825.17,1818.29,1820.77,9077.0296,1821.410000
310,2023-05-22 22:00:00,1820.76,1823.46,1818.63,1818.64,5131.8356,1820.243333
311,2023-05-22 23:00:00,1818.63,1819.68,1817.14,1817.35,3978.9129,1818.056667
312,2023-05-23 00:00:00,1817.36,1823.73,1815.24,1816.35,6905.1655,1818.440000
313,2023-05-23 01:00:00,1816.36,1842.10,1815.44,1834.33,46190.3386,1830.623333
314,2023-05-23 02:00:00,1834.33,1844.63,1834.32,1842.12,23070.4304,1840.356667
315,2023-05-23 03:00:00,1842.12,1872.50,1841.09,1866.00,92373.3632,1859.863333
316,2023-05-23 04:00:00,1866.01,1869.01,1855.00,1857.42,26553.8769,1860.476667
317,2023-05-23 05:00:00,1857.42,1862.00,1856.00,1858.03,13523.0759,1858.676667
318,2023-05-23 06:00:00,1858.03,1862.50,1853.83,1855.89,11160.9224,1857.406667
319,2023-05-23 07:00:00,1855.90,1856.50,1846.01,1854.05,14448.6288,1852.186667
320,2023-05-23 08:00:00,1854.06,1858.32,1849.62,1856.07,10588.6740,1854.670000
321,2023-05-23 09:00:00,1856.08,1857.73,1852.87,1855.20,6997.7770,1855.266667
322,2023-05-23 10:00:00,1855.19,1857.40,1853.00,1857.04,11341.1147,1855.813333
323,2023-05-23 11:00:00,1857.04,1857.49,1852.97,1854.97,8100.3056,1855.143333
324,2023-05-23 12:00:00,1854.97,1856.93,1848.88,1851.91,13117.1822,1852.573333
325,2023-05-23 13:00:00,1851.90,1853.50,1842.37,1847.07,20519.8797,1847.646667
326,2023-05-23 14:00:00,1847.06,1858.00,1846.59,1856.30,13080.4645,1853.630000
327,2023-05-23 15:00:00,1856.29,1860.61,1854.62,1856.92,12610.9768,1857.383333
328,2023-05-23 16:00:00,1856.92,1857.55,1849.62,1849.83,11719.6130,1852.333333
329,2023-05-23 17:00:00,1849.83,1853.37,1848.00,1849.80,7205.6852,1850.390000
330,2023-05-23 18:00:00,1849.80,1851.79,1844.93,1845.37,12120.0628,1847.363333
331,2023-05-23 19:00:00,1845.37,1852.99,1842.00,1851.52,10037.3307,1848.836667
332,2023-05-23 20:00:00,1851.52,1857.14,1848.50,1854.39,8377.1021,1853.343333
333,2023-05-23 21:00:00,1854.40,1855.73,1849.30,1849.31,5113.7960,1851.446667
334,2023-05-23 22:00:00,1849.31,1854.40,1846.33,1854.40,6225.1189,1851.710000
335,2023-05-23 23:00:00,1854.40,1856.82,1852.82,1854.05,5488.7248,1854.563333
336,2023-05-24 00:00:00,1854.06,1854.09,1847.31,1849.69,6820.4635,1850.363333
337,2023-05-24 01:00:00,1849.69,1850.96,1844.31,1845.27,9284.0877,1846.846667
338,2023-05-24 02:00:00,1845.27,1847.82,1844.37,1846.13,5877.7253,1846.106667
339,2023-05-24 03:00:00,1846.14,1846.30,1812.13,1821.95,47574.0772,1826.793333
340,2023-05-24 04:00:00,1821.94,1827.56,1817.54,1827.32,36418.5209,1824.140000
341,2023-05-24 05:00:00,1827.31,1828.66,1823.95,1826.13,21852.6441,1826.246667
342,2023-05-24 06:00:00,1826.13,1826.45,1817.81,1821.55,10667.5882,1821.936667
343,2023-05-24 07:00:00,1821.54,1823.45,1813.82,1814.07,13900.2488,1817.113333
344,2023-05-24 08:00:00,1814.07,1818.46,1813.35,1818.44,10860.8295,1816.750000
345,2023-05-24 09:00:00,1818.45,1821.15,1816.00,1817.07,8112.2111,1818.073333
346,2023-05-24 10:00:00,1817.06,1817.38,1813.53,1815.47,7918.0873,1815.460000
347,2023-05-24 11:00:00,1815.46,1817.99,1811.00,1816.01,11256.1696,1815.000000
348,2023-05-24 12:00:00,1816.02,1818.27,1813.33,1816.65,8174.9240,1816.083333
349,2023-05-24 13:00:00,1816.64,1818.13,1789.53,1803.04,39833.3839,1803.566667
350,2023-05-24 14:00:00,1803.04,1803.04,1777.60,1787.48,50824.0408,1789.373333
351,2023-05-24 15:00:00,1787.47,1795.61,1781.00,1793.35,38479.4400,1789.986667
352,2023-05-24 16:00:00,1793.36,1793.78,1785.00,1789.40,12968.2093,1789.393333
353,2023-05-24 17:00:00,1789.39,1795.38,1785.23,1792.74,11789.6739,1791.116667
354,2023-05-24 18:00:00,1792.73,1794.67,1786.69,1788.20,9811.9331,1789.853333
355,2023-05-24 19:00:00,1788.19,1798.63,1786.26,1792.79,14843.6158,1792.560000
356,2023-05-24 20:00:00,1792.79,1809.29,1791.89,1804.60,20133.6548,1801.926667
357,2023-05-24 21:00:00,1804.61,1809.20,1791.80,1800.41,11326.7378,1800.470000
358,2023-05-24 22:00:00,1800.42,1803.60,1797.64,1799.38,7222.3135,1800.206667
359,2023-05-24 23:00:00,1799.39,1803.20,1798.73,1799.89,4895.5644,1800.606667
360,2023-05-25 00:00:00,1799.89,1807.33,1790.91,1792.06,23487.6351,1796.766667
361,2023-05-25 01:00:00,1792.06,1798.34,1761.41,1777.15,58692.4455,1778.966667
362,2023-05-25 02:00:00,1777.15,1780.66,1774.98,1779.80,9528.6673,1778.480000
363,2023-05-25 03:00:00,1779.79,1783.09,1775.92,1781.27,11183.2386,1780.093333
364,2023-05-25 04:00:00,1781.28,1782.41,1774.45,1779.17,11974.0340,1778.676667
365,2023-05-25 05:00:00,1779.18,1784.49,1778.41,1784.16,5217.1371,1782.353333
366,2023-05-25 06:00:00,1784.17,1787.52,1782.69,1784.08,9211.4942,1784.763333
367,2023-05-25 07:00:00,1784.07,1785.00,1777.65,1778.68,11542.8113,1780.443333
368,2023-05-25 08:00:00,1778.68,1786.80,1778.68,1784.99,9775.5249,1783.490000
369,2023-05-25 09:00:00,1784.99,1788.20,1784.98,1787.36,6774.9904,1786.846667
370,2023-05-25 10:00:00,1787.36,1789.61,1784.54,1786.23,5818.3777,1786.793333
371,2023-05-25 11:00:00,1786.23,1792.55,1782.43,1789.65,8710.2991,1788.210000
372,2023-05-25 12:00:00,1789.66,1812.76,1789.65,1801.80,37873.5316,1801.403333
373,2023-05-25 13:00:00,1801.81,1805.99,1794.59,1799.55,16004.8130,1800.043333
374,2023-05-25 14:00:00,1799.56,1803.66,1794.05,1799.31,14738.7492,1799.006667
375,2023-05-25 15:00:00,1799.30,1801.33,1786.71,1791.56,16103.6064,1793.200000
376,2023-05-25 16:00:00,1791.56,1799.41,1791.36,1797.11,16706.5160,1795.960000
377,2023-05-25 17:00:00,1797.11,1806.77,1795.83,1804.80,12616.6431,1802.466667
378,2023-05-25 18:00:00,1804.80,1809.84,1803.37,1805.70,15904.8103,1806.303333
379,2023-05-25 19:00:00,1805.70,1818.81,1804.65,1808.82,22697.2325,1810.760000
380,2023-05-25 20:00:00,1808.82,1813.76,1808.82,1809.99,10236.5918,1810.856667
381,2023-05-25 21:00:00,1809.98,1809.99,1805.74,1807.61,5200.6791,1807.780000
382,2023-05-25 22:00:00,1807.60,1809.45,1806.07,1807.28,4848.6751,1807.600000
383,2023-05-25 23:00:00,1807.28,1812.13,1805.39,1805.60,5784.5056,1807.706667
384,2023-05-26 00:00:00,1805.61,1808.75,1802.24,1805.28,9789.4701,1805.423333
385,2023-05-26 01:00:00,1805.29,1808.98,1796.99,1801.97,13130.0667,1802.646667
386,2023-05-26 02:00:00,1801.98,1804.36,1800.68,1801.89,3987.9185,1802.310000
387,2023-05-26 03:00:00,1801.89,1808.52,1801.40,1807.41,7946.8294,1805.776667
388,2023-05-26 04:00:00,1807.41,1809.58,1805.28,1808.16,12227.1474,1807.673333
389,2023-05-26 05:00:00,1808.15,1808.77,1802.79,1803.06,6436.6968,1804.873333
390,2023-05-26 06:00:00,1803.05,1812.76,1802.00,1811.62,9803.9671,1808.793333
391,2023-05-26 07:00:00,1811.62,1817.72,1809.52,1816.71,11104.1324,1814.650000
392,2023-05-26 08:00:00,1816.70,1818.52,1813.03,1814.36,12478.1089,1815.303333
393,2023-05-26 09:00:00,1814.36,1814.52,1811.69,1813.37,6423.1886,1813.193333
394,2023-05-26 10:00:00,1813.38,1814.60,1811.11,1813.51,4577.4967,1813.073333
395,2023-05-26 11:00:00,1813.51,1815.99,1811.27,1812.26,10920.8662,1813.173333
396,2023-05-26 12:00:00,1812.26,1823.81,1809.03,1814.73,21895.9202,1815.856667
397,2023-05-26 13:00:00,1814.73,1829.00,1814.72,1823.20,29486.3077,1822.306667
398,2023-05-26 14:00:00,1823.20,1838.20,1820.20,1829.83,35627.4499,1829.410000
399,2023-05-26 15:00:00,1829.83,1837.34,1829.61,1830.84,16690.7908,1832.596667
400,2023-05-26 16:00:00,1830.83,1832.29,1828.20,1828.20,10786.2293,1829.563333
401,2023-05-26 17:00:00,1828.20,1830.51,1822.50,1824.34,9969.1728,1825.783333
402,2023-05-26 18:00:00,1824.34,1834.52,1822.49,1831.73,14038.4654,1829.580000
403,2023-05-26 19:00:00,1831.73,1837.00,1831.44,1835.55,10513.3277,1834.663333
404,2023-05-26 20:00:00,1835.56,1837.79,1833.12,1834.66,5602.7088,1835.190000
405,2023-05-26 21:00:00,1834.66,1836.04,1831.21,1831.25,4659.1538,1832.833333
406,2023-05-26 22:00:00,1831.26,1832.12,1826.18,1826.29,4396.7849,1828.196667
407,2023-05-26 23:00:00,1826.30,1829.53,1826.29,1827.79,3198.4853,1827.870000
408,2023-05-27 00:00:00,1827.80,1828.23,1825.01,1826.49,4377.2449,1826.576667
409,2023-05-27 01:00:00,1826.49,1829.98,1826.47,1829.97,4397.1702,1828.806667
410,2023-05-27 02:00:00,1829.97,1834.19,1826.71,1833.30,6499.7178,1831.400000
411,2023-05-27 03:00:00,1833.30,1836.12,1831.60,1834.25,13367.1683,1833.990000
412,2023-05-27 04:00:00,1834.24,1835.45,1830.83,1834.32,8544.3127,1833.533333
413,2023-05-27 05:00:00,1834.31,1834.66,1829.27,1831.59,3605.1912,1831.840000
414,2023-05-27 06:00:00,1831.60,1833.83,1830.40,1832.68,3522.0853,1832.303333
415,2023-05-27 07:00:00,1832.68,1833.45,1828.20,1829.76,5306.6622,1830.470000
416,2023-05-27 08:00:00,1829.77,1830.04,1825.98,1828.19,7831.4805,1828.070000
417,2023-05-27 09:00:00,1828.19,1830.18,1826.56,1826.75,6085.8056,1827.830000
418,2023-05-27 10:00:00,1826.75,1828.00,1824.60,1826.54,5894.6438,1826.380000
419,2023-05-27 11:00:00,1826.54,1828.36,1822.45,1826.83,5291.3805,1825.880000
420,2023-05-27 12:00:00,1826.83,1830.40,1824.76,1828.18,4491.4213,1827.780000
421,2023-05-27 13:00:00,1828.19,1832.00,1812.18,1819.79,11071.3282,1821.323333
422,2023-05-27 14:00:00,1819.80,1826.15,1818.28,1822.96,8370.1127,1822.463333
423,2023-05-27 15:00:00,1822.96,1824.31,1821.37,1823.60,4351.9364,1823.093333
424,2023-05-27 16:00:00,1823.60,1823.71,1817.25,1821.69,5184.4514,1820.883333
425,2023-05-27 17:00:00,1821.70,1825.42,1820.80,1824.18,3797.4263,1823.466667
426,2023-05-27 18:00:00,1824.19,1829.20,1820.35,1821.57,7390.3953,1823.706667
427,2023-05-27 19:00:00,1821.58,1826.91,1821.57,1826.03,4039.4278,1824.836667
428,2023-05-27 20:00:00,1826.04,1827.52,1825.44,1827.52,2666.5526,1826.826667
429,2023-05-27 21:00:00,1827.52,1828.36,1824.41,1827.92,4020.4804,1826.896667
430,2023-05-27 22:00:00,1827.92,1832.06,1827.33,1830.07,5357.6023,1829.820000
431,2023-05-27 23:00:00,1830.07,1832.00,1828.48,1829.89,3360.9429,1830.123333
432,2023-05-28 00:00:00,1829.89,1854.90,1823.60,1849.07,28565.1095,1842.523333
433,2023-05-28 01:00:00,1849.08,1859.50,1847.00,1848.78,26580.5389,1851.760000
434,2023-05-28 02:00:00,1848.79,1851.14,1845.76,1846.59,8251.2198,1847.830000
435,2023-05-28 03:00:00,1846.60,1855.27,1845.74,1850.71,11338.2546,1850.573333
436,2023-05-28 04:00:00,1850.71,1859.00,1848.81,1849.14,32452.6179,1852.316667
437,2023-05-28 05:00:00,1849.14,1850.80,1846.30,1847.49,8984.5787,1848.196667
438,2023-05-28 06:00:00,1847.49,1850.00,1845.51,1845.88,10302.9156,1847.130000
439,2023-05-28 07:00:00,1845.88,1848.50,1845.29,1847.79,5421.2706,1847.193333
440,2023-05-28 08:00:00,1847.80,1848.41,1843.48,1845.42,7413.9294,1845.770000
441,2023-05-28 09:00:00,1845.43,1846.60,1843.76,1844.87,3121.1463,1845.076667
442,2023-05-28 10:00:00,1844.88,1846.72,1843.21,1845.80,5307.2585,1845.243333
443,2023-05-28 11:00:00,1845.80,1851.79,1843.21,1843.50,10735.6968,1846.166667
444,2023-05-28 12:00:00,1843.51,1844.42,1837.17,1840.60,8891.4934,1840.730000
445,2023-05-28 13:00:00,1840.60,1845.21,1840.59,1843.72,5488.6729,1843.173333
446,2023-05-28 14:00:00,1843.72,1843.72,1839.16,1839.50,6353.3974,1840.793333
447,2023-05-28 15:00:00,1839.49,1843.74,1836.69,1843.74,6527.7678,1841.390000
448,2023-05-28 16:00:00,1843.74,1845.96,1839.21,1843.98,6182.7480,1843.050000
449,2023-05-28 17:00:00,1843.98,1852.77,1841.53,1847.51,11737.0894,1847.270000
450,2023-05-28 18:00:00,1847.51,1858.93,1843.88,1851.63,26887.2713,1851.480000
451,2023-05-28 19:00:00,1851.63,1854.57,1845.60,1848.77,12209.5121,1849.646667
452,2023-05-28 20:00:00,1848.77,1854.89,1848.76,1853.46,7843.1018,1852.370000
453,2023-05-28 21:00:00,1853.47,1868.00,1853.46,1867.99,18547.1966,1863.150000
454,2023-05-28 22:00:00,1867.99,1918.65,1867.99,1906.72,77399.2236,1897.786667
455,2023-05-28 23:00:00,1906.73,1917.97,1906.72,1908.64,31850.4262,1911.110000
456,2023-05-29 00:00:00,1908.64,1927.62,1908.17,1914.43,43302.0217,1916.740000
457,2023-05-29 01:00:00,1914.43,1918.29,1912.11,1917.33,17838.7506,1915.910000
458,2023-05-29 02:00:00,1917.34,1919.19,1909.31,1909.99,14271.6157,1912.830000
459,2023-05-29 03:00:00,1909.99,1910.00,1901.21,1903.77,24422.3645,1904.993333
460,2023-05-29 04:00:00,1903.78,1905.48,1893.00,1899.98,32677.4931,1899.486667
461,2023-05-29 05:00:00,1899.98,1905.92,1898.90,1903.84,10118.6040,1902.886667
462,2023-05-29 06:00:00,1903.85,1905.41,1900.80,1904.00,6525.9819,1903.403333
463,2023-05-29 07:00:00,1904.00,1904.00,1896.07,1899.85,12310.1153,1899.973333
464,2023-05-29 08:00:00,1899.85,1901.44,1895.00,1899.61,8101.8405,1898.683333
465,2023-05-29 09:00:00,1899.61,1904.95,1898.73,1904.95,10320.4897,1902.876667
466,2023-05-29 10:00:00,1904.94,1905.30,1893.92,1901.41,10672.0259,1900.210000
467,2023-05-29 11:00:00,1901.41,1904.56,1899.51,1903.26,6377.5871,1902.443333
468,2023-05-29 12:00:00,1903.26,1905.14,1897.00,1898.20,6404.5910,1900.113333
469,2023-05-29 13:00:00,1898.20,1902.84,1895.80,1900.10,8232.8994,1899.580000
470,2023-05-29 14:00:00,1900.09,1902.57,1885.00,1894.75,14439.1789,1894.106667
471,2023-05-29 15:00:00,1894.74,1899.14,1886.31,1889.41,14199.7227,1891.620000
472,2023-05-29 16:00:00,1889.41,1893.79,1877.47,1882.43,20794.5526,1884.563333
473,2023-05-29 17:00:00,1882.43,1894.99,1873.65,1891.19,13169.3769,1886.610000
474,2023-05-29 18:00:00,1891.19,1895.76,1889.16,1891.31,8258.2572,1892.076667
475,2023-05-29 19:00:00,1891.31,1894.78,1889.00,1891.20,5575.1874,1891.660000
476,2023-05-29 20:00:00,1891.19,1894.87,1890.33,1892.82,3986.6772,1892.673333
477,2023-05-29 21:00:00,1892.81,1894.99,1889.60,1890.43,4220.6925,1891.673333
478,2023-05-29 22:00:00,1890.43,1892.97,1886.02,1892.23,7071.1352,1890.406667
479,2023-05-29 23:00:00,1892.23,1903.00,1891.45,1892.60,10302.3332,1895.683333
480,2023-05-30 00:00:00,1892.60,1893.87,1881.19,1893.86,12306.6795,1889.640000
481,2023-05-30 01:00:00,1893.86,1899.45,1892.63,1897.70,8276.7197,1896.593333
482,2023-05-30 02:00:00,1897.71,1900.87,1894.93,1899.41,5224.5910,1898.403333
483,2023-05-30 03:00:00,1899.40,1912.55,1897.51,1900.66,14014.0940,1903.573333
484,2023-05-30 04:00:00,1900.67,1902.20,1896.61,1898.11,9108.8671,1898.973333
485,2023-05-30 05:00:00,1898.10,1899.34,1892.72,1898.01,8668.6183,1896.690000
486,2023-05-30 06:00:00,1898.01,1903.57,1898.00,1902.55,8555.3354,1901.373333
487,2023-05-30 07:00:00,1902.55,1905.00,1898.22,1898.23,7601.7998,1900.483333
488,2023-05-30 08:00:00,1898.22,1904.80,1898.22,1902.24,8621.3888,1901.753333
489,2023-05-30 09:00:00,1902.25,1908.88,1902.24,1906.86,8847.5903,1905.993333
490,2023-05-30 10:00:00,1906.85,1917.00,1906.51,1907.41,17476.5908,1910.306667
491,2023-05-30 11:00:00,1907.41,1915.97,1905.54,1915.40,11981.1916,1912.303333
492,2023-05-30 12:00:00,1915.40,1915.70,1904.16,1909.73,13472.0044,1909.863333
493,2023-05-30 13:00:00,1909.73,1914.24,1902.72,1905.43,19668.0283,1907.463333
494,2023-05-30 14:00:00,1905.43,1910.20,1896.20,1896.88,23896.7901,1901.093333
495,2023-05-30 15:00:00,1896.87,1904.05,1894.11,1900.56,15128.6992,1899.573333
496,2023-05-30 16:00:00,1900.56,1905.80,1891.33,1904.22,16684.6747,1900.450000
497,2023-05-30 17:00:00,1904.23,1912.64,1897.61,1902.80,13657.1799,1904.350000
498,2023-05-30 18:00:00,1902.81,1909.99,1900.84,1908.02,10215.0123,1906.283333
499,2023-05-30 19:00:00,1908.01,1908.40,1905.00,1907.32,6812.7057,1906.906667
500,2023-05-30 20:00:00,1907.33,1907.40,1901.92,1903.72,9833.3880,1904.346667
501,2023-05-30 21:00:00,1903.72,1914.78,1902.43,1905.59,9657.8008,1907.600000
502,2023-05-30 22:00:00,1905.60,1905.97,1898.96,1904.40,5258.5942,1903.110000
503,2023-05-30 23:00:00,1904.41,1904.76,1897.35,1900.59,7697.4963,1900.900000
504,2023-05-31 00:00:00,1900.58,1905.27,1898.14,1904.96,5532.6394,1902.790000
505,2023-05-31 01:00:00,1904.97,1907.13,1902.40,1903.20,5934.0383,1904.243333
506,2023-05-31 02:00:00,1903.21,1903.21,1884.29,1896.00,19892.9679,1894.500000
507,2023-05-31 03:00:00,1895.99,1897.95,1892.81,1897.71,5046.6592,1896.156667
508,2023-05-31 04:00:00,1897.71,1898.53,1870.00,1874.01,32418.5007,1880.846667
509,2023-05-31 05:00:00,1874.01,1875.62,1859.50,1864.23,41457.9851,1866.450000
510,2023-05-31 06:00:00,1864.23,1867.88,1857.67,1867.80,20024.2330,1864.450000
511,2023-05-31 07:00:00,1867.81,1873.23,1865.32,1869.31,11883.4079,1869.286667
512,2023-05-31 08:00:00,1869.30,1873.46,1867.02,1868.26,11646.9348,1869.580000
513,2023-05-31 09:00:00,1868.26,1871.10,1866.42,1869.85,11072.9465,1869.123333
514,2023-05-31 10:00:00,1869.86,1871.54,1864.47,1865.81,6725.7989,1867.273333
515,2023-05-31 11:00:00,1865.81,1868.59,1862.20,1865.19,8656.3568,1865.326667
516,2023-05-31 12:00:00,1865.20,1868.90,1862.89,1866.47,6511.8589,1866.086667
517,2023-05-31 13:00:00,1866.47,1875.02,1866.06,1868.87,17461.9093,1869.983333
518,2023-05-31 14:00:00,1868.86,1868.87,1846.95,1861.40,36362.9363,1859.073333
519,2023-05-31 15:00:00,1861.41,1862.77,1855.00,1857.94,14128.1845,1858.570000
520,2023-05-31 16:00:00,1857.95,1862.28,1854.28,1859.90,9537.5074,1858.820000
521,2023-05-31 17:00:00,1859.90,1868.34,1859.36,1865.90,10839.6201,1864.533333
522,2023-05-31 18:00:00,1865.89,1866.89,1861.93,1864.01,9524.8589,1864.276667
523,2023-05-31 19:00:00,1864.00,1869.75,1861.62,1863.63,7481.4873,1865.000000
524,2023-05-31 20:00:00,1863.63,1868.80,1863.20,1865.18,5792.0252,1865.726667
525,2023-05-31 21:00:00,1865.17,1866.19,1861.48,1864.20,4703.4753,1863.956667
526,2023-05-31 22:00:00,1864.19,1871.27,1863.72,1869.42,6868.3499,1868.136667
527,2023-05-31 23:00:00,1869.43,1878.14,1868.11,1873.63,9750.8865,1873.293333
528,2023-06-01 00:00:00,1873.63,1889.20,1868.14,1871.27,30398.8449,1876.203333
529,2023-06-01 01:00:00,1871.27,1879.54,1871.11,1874.17,11487.3081,1874.940000
530,2023-06-01 02:00:00,1874.17,1875.04,1848.87,1852.60,25516.7889,1858.836667
531,2023-06-01 03:00:00,1852.61,1858.33,1840.00,1855.50,18501.4601,1851.276667
532,2023-06-01 04:00:00,1855.50,1856.49,1852.22,1854.57,7902.4512,1854.426667
533,2023-06-01 05:00:00,1854.57,1858.04,1853.85,1855.65,5089.5588,1855.846667
534,2023-06-01 06:00:00,1855.66,1857.28,1853.70,1855.01,7309.0589,1855.330000
535,2023-06-01 07:00:00,1855.02,1860.38,1851.40,1854.21,8729.7155,1855.330000
536,2023-06-01 08:00:00,1854.22,1861.34,1852.02,1860.61,6752.8464,1857.990000
537,2023-06-01 09:00:00,1860.60,1865.96,1860.46,1862.11,8247.6674,1862.843333
538,2023-06-01 10:00:00,1862.11,1863.19,1859.34,1859.64,4588.0757,1860.723333
539,2023-06-01 11:00:00,1859.64,1862.20,1858.00,1861.50,4526.0994,1860.566667
540,2023-06-01 12:00:00,1861.50,1866.11,1857.40,1864.61,9690.3422,1862.706667
541,2023-06-01 13:00:00,1864.62,1866.56,1859.37,1861.10,8490.6357,1862.343333
542,2023-06-01 14:00:00,1861.11,1865.87,1855.68,1860.37,14447.4530,1860.640000
543,2023-06-01 15:00:00,1860.37,1864.54,1858.09,1863.36,6930.9124,1861.996667
544,2023-06-01 16:00:00,1863.36,1882.86,1860.91,1876.36,21201.9762,1873.376667
545,2023-06-01 17:00:00,1876.35,1880.33,1868.15,1870.65,14679.7382,1873.043333
546,2023-06-01 18:00:00,1870.65,1877.28,1870.38,1873.79,8034.6601,1873.816667
547,2023-06-01 19:00:00,1873.80,1875.35,1857.02,1869.27,16462.1386,1867.213333
548,2023-06-01 20:00:00,1869.28,1873.04,1867.66,1869.01,7330.3378,1869.903333
549,2023-06-01 21:00:00,1869.02,1873.60,1867.34,1868.94,5931.6510,1869.960000
550,2023-06-01 22:00:00,1868.94,1869.77,1864.04,1867.45,6688.9889,1867.086667
551,2023-06-01 23:00:00,1867.46,1867.75,1852.66,1861.78,11557.9003,1860.730000
552,2023-06-02 00:00:00,1861.78,1864.60,1847.51,1864.53,21069.9344,1858.880000
553,2023-06-02 01:00:00,1864.53,1870.00,1859.20,1867.96,10800.4760,1865.720000
554,2023-06-02 02:00:00,1867.96,1880.62,1867.89,1877.57,15258.2755,1875.360000
555,2023-06-02 03:00:00,1877.58,1879.96,1875.00,1878.64,7049.8038,1877.866667
556,2023-06-02 04:00:00,1878.64,1888.78,1875.68,1886.20,19487.4038,1883.553333
557,2023-06-02 05:00:00,1886.20,1897.40,1886.20,1893.38,18537.6556,1892.326667
558,2023-06-02 06:00:00,1893.39,1893.39,1889.07,1889.81,10439.1863,1890.756667
559,2023-06-02 07:00:00,1889.81,1890.51,1885.14,1885.65,12274.3825,1887.100000
560,2023-06-02 08:00:00,1885.64,1893.88,1885.64,1892.35,13437.2402,1890.623333
561,2023-06-02 09:00:00,1892.36,1894.67,1889.41,1889.84,10038.3511,1891.306667
562,2023-06-02 10:00:00,1889.83,1892.10,1889.03,1892.09,7159.5930,1891.073333
563,2023-06-02 11:00:00,1892.10,1900.64,1891.23,1894.96,13858.6012,1895.610000
564,2023-06-02 12:00:00,1894.95,1899.00,1881.00,1889.90,25946.9164,1889.966667
565,2023-06-02 13:00:00,1889.90,1893.40,1876.65,1879.41,22861.4360,1883.153333
566,2023-06-02 14:00:00,1879.42,1887.84,1877.66,1885.31,14557.5565,1883.603333
567,2023-06-02 15:00:00,1885.31,1893.60,1885.30,1892.00,8869.6616,1890.300000
568,2023-06-02 16:00:00,1892.01,1894.34,1887.56,1888.91,9671.7406,1890.270000
569,2023-06-02 17:00:00,1888.92,1893.62,1887.05,1893.29,5648.5813,1891.320000
570,2023-06-02 18:00:00,1893.30,1910.00,1890.77,1909.37,24296.8248,1903.380000
571,2023-06-02 19:00:00,1909.37,1910.00,1905.50,1907.60,17424.2685,1907.700000
572,2023-06-02 20:00:00,1907.61,1910.00,1904.64,1904.64,7310.0422,1906.426667
573,2023-06-02 21:00:00,1904.65,1906.15,1902.62,1904.36,5094.6908,1904.376667
574,2023-06-02 22:00:00,1904.36,1908.47,1903.96,1906.18,7320.5704,1906.203333
575,2023-06-02 23:00:00,1906.17,1907.20,1904.55,1906.68,4590.8733,1906.143333
576,2023-06-03 00:00:00,1906.69,1907.92,1902.32,1903.29,10272.7428,1904.510000
577,2023-06-03 01:00:00,1903.30,1905.51,1897.42,1900.12,11103.8758,1901.016667
578,2023-06-03 02:00:00,1900.11,1901.81,1899.24,1899.32,3177.2035,1900.123333
579,2023-06-03 03:00:00,1899.32,1901.67,1899.02,1899.84,4909.9031,1900.176667
580,2023-06-03 04:00:00,1899.84,1901.85,1897.44,1901.35,4749.8046,1900.213333
581,2023-06-03 05:00:00,1901.35,1902.51,1900.24,1900.71,4389.7701,1901.153333
582,2023-06-03 06:00:00,1900.72,1905.66,1900.71,1903.99,5894.5403,1903.453333
583,2023-06-03 07:00:00,1903.99,1905.66,1902.54,1902.71,5032.7948,1903.636667
584,2023-06-03 08:00:00,1902.72,1903.70,1902.10,1902.55,3088.5778,1902.783333
585,2023-06-03 09:00:00,1902.55,1904.15,1901.23,1903.93,4168.7981,1903.103333
586,2023-06-03 10:00:00,1903.93,1906.07,1899.00,1903.82,7769.3757,1902.963333
587,2023-06-03 11:00:00,1903.83,1906.70,1902.74,1903.72,7416.9635,1904.386667
588,2023-06-03 12:00:00,1903.72,1906.61,1903.64,1903.97,3566.6284,1904.740000
589,2023-06-03 13:00:00,1903.97,1904.22,1899.25,1901.60,5488.7081,1901.690000
590,2023-06-03 14:00:00,1901.60,1902.66,1899.37,1900.11,4398.2533,1900.713333
591,2023-06-03 15:00:00,1900.11,1904.59,1891.23,1903.18,13699.7688,1899.666667
592,2023-06-03 16:00:00,1903.19,1903.71,1898.16,1898.60,5782.9078,1900.156667
593,2023-06-03 17:00:00,1898.61,1898.62,1888.02,1890.32,11702.6792,1892.320000
594,2023-06-03 18:00:00,1890.33,1893.99,1887.42,1891.35,5351.8893,1890.920000
595,2023-06-03 19:00:00,1891.36,1892.50,1882.33,1886.14,9833.6124,1886.990000
596,2023-06-03 20:00:00,1886.13,1890.48,1884.58,1887.85,4735.0140,1887.636667
597,2023-06-03 21:00:00,1887.85,1889.68,1881.60,1889.16,6905.5678,1886.813333
598,2023-06-03 22:00:00,1889.16,1892.43,1888.97,1891.37,3110.0104,1890.923333
599,2023-06-03 23:00:00,1891.37,1892.42,1889.53,1892.06,2268.8531,1891.336667
600,2023-06-04 00:00:00,1892.05,1892.82,1887.94,1887.97,4019.0772,1889.576667
601,2023-06-04 01:00:00,1887.97,1892.90,1884.22,1890.39,5230.0487,1889.170000
602,2023-06-04 02:00:00,1890.40,1895.03,1890.04,1894.57,3833.6444,1893.213333
603,2023-06-04 03:00:00,1894.56,1894.87,1892.61,1894.09,3443.0963,1893.856667
604,2023-06-04 04:00:00,1894.09,1896.14,1893.69,1894.55,3574.9870,1894.793333
605,2023-06-04 05:00:00,1894.56,1894.56,1890.87,1891.77,2358.6224,1892.400000
606,2023-06-04 06:00:00,1891.76,1901.36,1891.08,1898.33,6614.0668,1896.923333
607,2023-06-04 07:00:00,1898.34,1900.81,1898.33,1900.21,5323.7909,1899.783333
608,2023-06-04 08:00:00,1900.21,1901.58,1898.61,1899.27,5405.5502,1899.820000
609,2023-06-04 09:00:00,1899.26,1908.61,1899.26,1905.72,9333.5007,1904.530000
610,2023-06-04 10:00:00,1905.72,1906.17,1903.49,1905.00,3774.4777,1904.886667
611,2023-06-04 11:00:00,1904.99,1905.50,1902.30,1903.08,3278.8795,1903.626667
612,2023-06-04 12:00:00,1903.07,1904.81,1901.41,1904.43,5389.9917,1903.550000
613,2023-06-04 13:00:00,1904.43,1914.63,1903.06,1907.51,14262.1316,1908.400000
614,2023-06-04 14:00:00,1907.52,1908.38,1900.00,1905.50,13258.2678,1904.626667
615,2023-06-04 15:00:00,1905.51,1906.31,1901.53,1901.76,6183.3916,1903.200000
616,2023-06-04 16:00:00,1901.76,1902.26,1896.17,1897.60,8300.7372,1898.676667
617,2023-06-04 17:00:00,1897.60,1900.10,1897.11,1899.00,4597.8599,1898.736667
618,2023-06-04 18:00:00,1899.01,1903.93,1899.00,1903.16,5142.7088,1902.030000
619,2023-06-04 19:00:00,1903.16,1905.62,1902.62,1904.66,3056.2392,1904.300000
620,2023-06-04 20:00:00,1904.66,1905.91,1903.79,1904.39,3190.9009,1904.696667
621,2023-06-04 21:00:00,1904.38,1906.79,1901.21,1902.00,4651.8392,1903.333333
622,2023-06-04 22:00:00,1902.01,1912.89,1899.09,1901.61,24824.8307,1904.530000
623,2023-06-04 23:00:00,1901.61,1904.37,1885.00,1890.01,23634.3715,1893.126667
624,2023-06-05 00:00:00,1890.00,1890.63,1875.67,1882.12,20148.8753,1882.806667
625,2023-06-05 01:00:00,1882.12,1885.00,1875.45,1884.25,9549.5727,1881.566667
626,2023-06-05 02:00:00,1884.25,1887.00,1868.80,1875.00,13725.0613,1876.933333
627,2023-06-05 03:00:00,1875.00,1875.00,1866.62,1869.65,26529.8109,1870.423333
628,2023-06-05 04:00:00,1869.64,1873.37,1865.50,1870.20,9449.9941,1869.690000
629,2023-06-05 05:00:00,1870.20,1871.34,1861.76,1870.50,10900.7352,1867.866667
630,2023-06-05 06:00:00,1870.50,1872.00,1869.25,1869.51,6389.2405,1870.253333
631,2023-06-05 07:00:00,1869.51,1873.40,1868.74,1873.40,5248.9691,1871.846667
632,2023-06-05 08:00:00,1873.40,1873.81,1869.19,1869.92,8234.5689,1870.973333
633,2023-06-05 09:00:00,1869.92,1873.43,1868.66,1869.62,4837.8442,1870.570000
634,2023-06-05 10:00:00,1869.61,1870.50,1863.77,1864.33,10155.9940,1866.200000
635,2023-06-05 11:00:00,1864.34,1870.62,1862.94,1869.51,8376.4347,1867.690000
636,2023-06-05 12:00:00,1869.50,1870.50,1862.21,1864.80,14106.0528,1865.836667
637,2023-06-05 13:00:00,1864.80,1869.77,1859.04,1867.47,14210.4416,1865.426667
638,2023-06-05 14:00:00,1867.47,1871.20,1863.73,1867.99,11813.1293,1867.640000
639,2023-06-05 15:00:00,1867.99,1868.50,1820.29,1820.60,82842.7039,1836.463333
640,2023-06-05 16:00:00,1820.69,1823.90,1778.00,1813.24,124135.8143,1805.046667
641,2023-06-05 17:00:00,1813.24,1818.61,1804.00,1816.59,68276.0838,1813.066667
642,2023-06-05 18:00:00,1816.59,1816.60,1804.06,1806.97,24834.1284,1809.210000
643,2023-06-05 19:00:00,1806.97,1809.29,1796.56,1806.49,26760.8547,1804.113333
644,2023-06-05 20:00:00,1806.50,1808.50,1803.10,1804.99,10415.8041,1805.530000
645,2023-06-05 21:00:00,1805.00,1807.05,1793.01,1807.02,18489.1479,1802.360000
646,2023-06-05 22:00:00,1807.01,1809.80,1804.91,1807.17,9058.6863,1807.293333
647,2023-06-05 23:00:00,1807.18,1815.88,1806.55,1810.50,16871.3203,1810.976667
648,2023-06-06 00:00:00,1810.49,1812.00,1808.86,1810.91,9848.8574,1810.590000
649,2023-06-06 01:00:00,1810.90,1811.35,1804.50,1805.32,10087.8117,1807.056667
650,2023-06-06 02:00:00,1805.32,1813.76,1803.15,1813.55,11564.5699,1810.153333
651,2023-06-06 03:00:00,1813.55,1813.56,1810.45,1811.80,5460.4116,1811.936667
652,2023-06-06 04:00:00,1811.80,1818.90,1811.17,1818.26,6876.8941,1816.110000
653,2023-06-06 05:00:00,1818.27,1819.18,1814.65,1816.08,8401.3978,1816.636667
654,2023-06-06 06:00:00,1816.07,1817.00,1813.10,1813.22,6579.6802,1814.440000
655,2023-06-06 07:00:00,1813.23,1817.28,1811.96,1813.35,6970.9864,1814.196667
656,2023-06-06 08:00:00,1813.35,1816.83,1813.35,1815.82,6201.3174,1815.333333
657,2023-06-06 09:00:00,1815.83,1820.51,1814.67,1817.00,7724.8657,1817.393333
658,2023-06-06 10:00:00,1817.01,1822.60,1817.00,1818.42,6928.1217,1819.340000
659,2023-06-06 11:00:00,1818.42,1818.98,1809.19,1813.32,12190.7450,1813.830000
660,2023-06-06 12:00:00,1813.33,1817.82,1797.18,1805.54,39468.6457,1806.846667
661,2023-06-06 13:00:00,1805.54,1820.54,1797.90,1817.44,31875.9426,1811.960000
662,2023-06-06 14:00:00,1817.44,1841.29,1817.43,1838.49,49041.0600,1832.403333
663,2023-06-06 15:00:00,1838.50,1846.48,1834.30,1842.22,25131.8921,1841.000000
664,2023-06-06 16:00:00,1842.22,1869.78,1842.21,1863.66,42393.4711,1858.550000
665,2023-06-06 17:00:00,1863.66,1887.74,1857.98,1875.11,53963.8315,1873.610000
666,2023-06-06 18:00:00,1875.10,1878.21,1872.96,1874.75,18085.0964,1875.306667
667,2023-06-06 19:00:00,1874.74,1898.29,1873.40,1891.82,31411.1805,1887.836667
668,2023-06-06 20:00:00,1891.82,1895.50,1874.15,1876.58,62663.8677,1882.076667
669,2023-06-06 21:00:00,1876.58,1881.00,1874.27,1879.67,10311.9524,1878.313333
670,2023-06-06 22:00:00,1879.67,1884.39,1878.00,1882.62,8533.6143,1881.670000
671,2023-06-06 23:00:00,1882.63,1888.21,1878.54,1884.64,19691.0042,1883.796667
672,2023-06-07 00:00:00,1884.65,1897.80,1881.57,1885.61,30045.8940,1888.326667
673,2023-06-07 01:00:00,1885.61,1886.50,1878.05,1879.00,13285.8208,1881.183333
674,2023-06-07 02:00:00,1879.00,1880.92,1874.11,1876.65,10394.0578,1877.226667
675,2023-06-07 03:00:00,1876.65,1878.60,1871.59,1877.48,12442.1588,1875.890000
676,2023-06-07 04:00:00,1877.47,1880.00,1876.53,1879.04,6538.3254,1878.523333
677,2023-06-07 05:00:00,1879.03,1881.50,1877.56,1879.98,7855.7486,1879.680000
678,2023-06-07 06:00:00,1879.97,1883.76,1876.38,1876.45,12156.7243,1878.863333
679,2023-06-07 07:00:00,1876.44,1879.51,1874.62,1875.05,8873.2655,1876.393333
680,2023-06-07 08:00:00,1875.05,1876.39,1872.77,1874.71,7815.3415,1874.623333
681,2023-06-07 09:00:00,1874.70,1874.71,1850.28,1852.00,29093.6224,1858.996667
682,2023-06-07 10:00:00,1852.01,1860.75,1842.57,1857.69,32275.6504,1853.670000
683,2023-06-07 11:00:00,1857.69,1878.09,1856.87,1870.23,17206.0831,1868.396667
684,2023-06-07 12:00:00,1870.23,1870.84,1860.84,1864.96,11826.9369,1865.546667
685,2023-06-07 13:00:00,1864.96,1868.04,1857.35,1864.60,15781.1568,1863.330000
686,2023-06-07 14:00:00,1864.60,1864.60,1838.83,1844.34,43228.0047,1849.256667
687,2023-06-07 15:00:00,1844.34,1852.31,1835.13,1839.00,30781.4183,1842.146667
688,2023-06-07 16:00:00,1839.00,1845.27,1832.71,1840.33,19834.9663,1839.436667
689,2023-06-07 17:00:00,1840.32,1850.89,1835.73,1850.00,28090.4147,1845.540000
690,2023-06-07 18:00:00,1850.01,1852.50,1848.05,1849.48,21502.3091,1850.010000
691,2023-06-07 19:00:00,1849.47,1851.77,1847.36,1850.36,7639.7454,1849.830000
692,2023-06-07 20:00:00,1850.37,1851.00,1839.00,1841.58,12079.7740,1843.860000
693,2023-06-07 21:00:00,1841.57,1844.28,1821.39,1822.64,22133.4808,1829.436667
694,2023-06-07 22:00:00,1822.64,1834.26,1821.18,1829.72,21203.6013,1828.386667
695,2023-06-07 23:00:00,1829.72,1833.48,1825.08,1832.13,7112.2055,1830.230000
696,2023-06-08 00:00:00,1832.12,1838.29,1831.00,1835.52,8427.2887,1834.936667
697,2023-06-08 01:00:00,1835.52,1839.92,1835.28,1838.49,6095.0270,1837.896667
698,2023-06-08 02:00:00,1838.49,1841.45,1837.05,1837.50,5046.7495,1838.666667
699,2023-06-08 03:00:00,1837.50,1837.51,1828.31,1834.96,8618.7412,1833.593333
700,2023-06-08 04:00:00,1834.97,1839.33,1834.64,1838.58,5486.9871,1837.516667
701,2023-06-08 05:00:00,1838.58,1841.06,1836.43,1836.83,4845.0284,1838.106667
702,2023-06-08 06:00:00,1836.83,1846.05,1833.00,1840.17,11388.1345,1839.740000
703,2023-06-08 07:00:00,1840.17,1846.00,1839.26,1842.00,6815.8337,1842.420000
704,2023-06-08 08:00:00,1842.00,1842.90,1840.65,1840.95,5747.4489,1841.500000
705,2023-06-08 09:00:00,1840.95,1841.44,1838.28,1839.39,5346.4804,1839.703333
706,2023-06-08 10:00:00,1839.38,1844.85,1838.19,1844.77,5408.3256,1842.603333
707,2023-06-08 11:00:00,1844.76,1848.99,1842.86,1843.80,8572.3879,1845.216667
708,2023-06-08 12:00:00,1843.79,1856.28,1840.92,1845.82,18865.4569,1847.673333
709,2023-06-08 13:00:00,1845.82,1850.40,1837.86,1846.56,15413.1733,1844.940000
710,2023-06-08 14:00:00,1846.56,1861.28,1844.00,1857.36,19860.6184,1854.213333
711,2023-06-08 15:00:00,1857.35,1861.16,1853.47,1855.66,8929.9660,1856.763333
712,2023-06-08 16:00:00,1855.67,1856.24,1841.35,1845.74,11573.6820,1847.776667
713,2023-06-08 17:00:00,1845.75,1846.84,1841.86,1843.70,6230.4483,1844.133333
714,2023-06-08 18:00:00,1843.71,1849.60,1842.15,1846.23,4139.1829,1845.993333
715,2023-06-08 19:00:00,1846.22,1847.98,1844.69,1847.73,3983.9246,1846.800000
716,2023-06-08 20:00:00,1847.73,1853.37,1846.58,1852.72,5569.2081,1850.890000
717,2023-06-08 21:00:00,1852.71,1854.00,1849.91,1851.83,3884.4927,1851.913333
718,2023-06-08 22:00:00,1851.83,1852.69,1847.09,1849.47,5585.6312,1849.750000
719,2023-06-08 23:00:00,1849.46,1849.71,1844.92,1845.64,3436.2680,1846.756667
720,2023-06-09 00:00:00,1845.65,1846.87,1843.00,1843.79,3931.5091,1844.553333
721,2023-06-09 01:00:00,1843.80,1849.02,1842.50,1842.81,6365.3702,1844.776667
722,2023-06-09 02:00:00,1842.80,1844.34,1827.00,1835.75,26334.7711,1835.696667
723,2023-06-09 03:00:00,1835.75,1838.64,1832.05,1838.23,7337.8644,1836.306667
724,2023-06-09 04:00:00,1838.22,1841.31,1836.44,1838.07,4433.4445,1838.606667
725,2023-06-09 05:00:00,1838.06,1839.73,1837.00,1839.45,4413.0610,1838.726667
726,2023-06-09 06:00:00,1839.45,1842.00,1837.09,1837.78,5121.8576,1838.956667
727,2023-06-09 07:00:00,1837.79,1837.79,1831.25,1836.37,9593.2918,1835.136667
728,2023-06-09 08:00:00,1836.37,1842.98,1834.52,1842.41,9118.7541,1839.970000
729,2023-06-09 09:00:00,1842.40,1847.42,1841.17,1844.27,7073.7314,1844.286667
730,2023-06-09 10:00:00,1844.27,1845.66,1842.50,1844.08,6199.2710,1844.080000
731,2023-06-09 11:00:00,1844.08,1845.02,1840.11,1843.79,6836.4835,1842.973333
732,2023-06-09 12:00:00,1843.79,1854.41,1843.79,1851.83,13230.0170,1850.010000
733,2023-06-09 13:00:00,1851.84,1855.00,1847.40,1847.40,13396.3928,1849.933333
734,2023-06-09 14:00:00,1847.40,1851.83,1842.50,1844.68,10989.9761,1846.336667
735,2023-06-09 15:00:00,1844.68,1852.03,1839.75,1841.71,12080.0306,1844.496667
736,2023-06-09 16:00:00,1841.71,1843.45,1838.48,1840.51,7196.8427,1840.813333
737,2023-06-09 17:00:00,1840.51,1842.60,1837.17,1841.47,6177.6333,1840.413333
738,2023-06-09 18:00:00,1841.47,1842.60,1836.27,1838.06,5648.0620,1838.976667
739,2023-06-09 19:00:00,1838.07,1840.35,1830.37,1830.86,11345.8235,1833.860000
740,2023-06-09 20:00:00,1830.86,1837.11,1828.03,1837.10,7335.9075,1834.080000
741,2023-06-09 21:00:00,1837.10,1839.83,1834.17,1836.87,6418.9359,1836.956667
742,2023-06-09 22:00:00,1836.86,1838.49,1835.17,1838.48,4554.0506,1837.380000
743,2023-06-09 23:00:00,1838.48,1841.15,1836.31,1840.37,3191.2435,1839.276667
744,2023-06-10 00:00:00,1840.37,1840.45,1836.30,1837.29,5975.6968,1838.013333
745,2023-06-10 01:00:00,1837.28,1844.99,1828.33,1835.70,14853.5656,1836.340000
746,2023-06-10 02:00:00,1835.71,1839.27,1825.48,1829.50,15859.2076,1831.416667
747,2023-06-10 03:00:00,1829.50,1831.33,1822.13,1827.17,13951.7601,1826.876667
748,2023-06-10 04:00:00,1827.17,1829.84,1781.32,1788.20,85590.6259,1799.786667
749,2023-06-10 05:00:00,1788.19,1790.73,1744.44,1751.19,92712.2993,1762.120000
750,2023-06-10 06:00:00,1751.19,1760.99,1734.68,1744.11,64728.3872,1746.593333
751,2023-06-10 07:00:00,1744.12,1745.29,1724.43,1731.78,67200.6551,1733.833333
752,2023-06-10 08:00:00,1731.79,1743.16,1715.03,1740.25,59652.8463,1732.813333
753,2023-06-10 09:00:00,1740.25,1740.80,1732.56,1738.96,16813.3114,1737.440000
754,2023-06-10 10:00:00,1738.95,1744.00,1735.09,1743.82,12676.2452,1740.970000
755,2023-06-10 11:00:00,1743.83,1749.56,1740.04,1747.95,12314.0302,1745.850000
756,2023-06-10 12:00:00,1747.95,1747.96,1738.44,1739.69,10450.8825,1742.030000
757,2023-06-10 13:00:00,1739.68,1745.69,1737.33,1743.47,9704.0781,1742.163333
758,2023-06-10 14:00:00,1743.48,1747.48,1740.00,1744.12,10001.9293,1743.866667
759,2023-06-10 15:00:00,1744.13,1744.35,1732.85,1737.39,11707.5457,1738.196667
760,2023-06-10 16:00:00,1737.39,1740.49,1731.99,1733.02,15395.4274,1735.166667
761,2023-06-10 17:00:00,1733.01,1773.03,1718.50,1760.17,67289.6754,1750.566667
762,2023-06-10 18:00:00,1760.16,1762.14,1725.00,1733.48,28021.1753,1740.206667
763,2023-06-10 19:00:00,1733.48,1745.17,1732.51,1744.48,8530.6878,1740.720000
764,2023-06-10 20:00:00,1744.48,1747.74,1738.59,1742.79,10601.2109,1743.040000
765,2023-06-10 21:00:00,1742.78,1745.85,1739.15,1744.62,4976.3592,1743.206667
766,2023-06-10 22:00:00,1744.63,1757.58,1743.60,1753.89,8657.4683,1751.690000
767,2023-06-10 23:00:00,1753.88,1754.99,1751.00,1751.53,4659.5989,1752.506667
768,2023-06-11 00:00:00,1751.52,1752.35,1745.00,1745.72,8914.1164,1747.690000
769,2023-06-11 01:00:00,1745.72,1751.98,1743.64,1749.49,7281.7474,1748.370000
770,2023-06-11 02:00:00,1749.49,1750.15,1745.00,1749.56,7441.8795,1748.236667
771,2023-06-11 03:00:00,1749.55,1752.46,1747.74,1751.55,7359.3172,1750.583333
772,2023-06-11 04:00:00,1751.55,1757.19,1743.88,1754.01,8602.8133,1751.693333
773,2023-06-11 05:00:00,1754.01,1759.76,1753.50,1756.66,6466.5491,1756.640000
774,2023-06-11 06:00:00,1756.65,1759.43,1756.00,1756.53,5562.9579,1757.320000
775,2023-06-11 07:00:00,1756.53,1756.72,1752.80,1752.92,5509.5160,1754.146667
776,2023-06-11 08:00:00,1752.92,1755.54,1747.36,1748.90,7955.1953,1750.600000
777,2023-06-11 09:00:00,1748.90,1750.72,1745.15,1745.68,6720.0873,1747.183333
778,2023-06-11 10:00:00,1745.68,1754.63,1745.17,1751.21,5968.3098,1750.336667
779,2023-06-11 11:00:00,1751.22,1754.99,1750.11,1752.13,4459.2655,1752.410000
780,2023-06-11 12:00:00,1752.14,1752.39,1746.53,1746.65,5900.5276,1748.523333
781,2023-06-11 13:00:00,1746.64,1749.49,1738.72,1741.24,11409.1745,1743.150000
782,2023-06-11 14:00:00,1741.23,1750.54,1740.44,1743.54,9320.0985,1744.840000
783,2023-06-11 15:00:00,1743.54,1746.31,1740.35,1740.80,7245.2281,1742.486667
784,2023-06-11 16:00:00,1740.80,1757.00,1739.76,1752.19,17249.7436,1749.650000
785,2023-06-11 17:00:00,1752.18,1765.00,1751.57,1756.07,14432.0585,1757.546667
786,2023-06-11 18:00:00,1756.08,1761.87,1754.50,1757.14,7333.6850,1757.836667
787,2023-06-11 19:00:00,1757.14,1768.26,1755.29,1762.27,10691.1642,1761.940000
788,2023-06-11 20:00:00,1762.27,1778.25,1762.27,1769.85,16953.9631,1770.123333
789,2023-06-11 21:00:00,1769.85,1771.00,1761.98,1763.59,6262.6624,1765.523333
790,2023-06-11 22:00:00,1763.58,1764.43,1741.64,1753.86,21265.3090,1753.310000
791,2023-06-11 23:00:00,1753.87,1755.89,1746.76,1752.76,9650.8742,1751.803333
792,2023-06-12 00:00:00,1752.77,1755.35,1744.02,1751.87,13599.1049,1750.413333
793,2023-06-12 01:00:00,1751.88,1753.49,1743.33,1745.89,11132.9114,1747.570000
794,2023-06-12 02:00:00,1745.89,1748.50,1720.11,1731.43,37121.1487,1733.346667
795,2023-06-12 03:00:00,1731.43,1738.94,1730.03,1735.76,8986.9052,1734.910000
796,2023-06-12 04:00:00,1735.76,1741.45,1735.00,1740.56,8036.4322,1739.003333
797,2023-06-12 05:00:00,1740.55,1740.56,1736.02,1736.39,6078.2953,1737.656667
798,2023-06-12 06:00:00,1736.40,1748.00,1736.10,1740.60,11256.6486,1741.566667
799,2023-06-12 07:00:00,1740.60,1742.00,1732.77,1736.70,8176.8196,1737.156667
800,2023-06-12 08:00:00,1736.70,1747.61,1734.28,1745.35,14132.1630,1742.413333
801,2023-06-12 09:00:00,1745.35,1759.33,1744.65,1748.45,19063.4933,1750.810000
802,2023-06-12 10:00:00,1748.44,1755.00,1747.50,1748.14,14365.5178,1750.213333
803,2023-06-12 11:00:00,1748.15,1748.55,1742.29,1745.60,7409.5511,1745.480000
804,2023-06-12 12:00:00,1745.61,1747.25,1741.86,1747.09,8423.2101,1745.400000
805,2023-06-12 13:00:00,1747.09,1747.10,1736.30,1739.47,12932.2931,1740.956667
806,2023-06-12 14:00:00,1739.47,1744.21,1728.88,1738.14,16238.9628,1737.076667
807,2023-06-12 15:00:00,1738.16,1738.16,1730.12,1731.87,15251.4400,1733.383333
808,2023-06-12 16:00:00,1731.86,1739.35,1726.70,1736.13,14838.4699,1734.060000
809,2023-06-12 17:00:00,1736.13,1747.16,1720.00,1736.37,32285.1135,1734.510000
810,2023-06-12 18:00:00,1736.37,1738.26,1730.42,1736.89,9294.6516,1735.190000
811,2023-06-12 19:00:00,1736.89,1737.16,1727.66,1733.14,8983.8692,1732.653333
812,2023-06-12 20:00:00,1733.15,1739.35,1730.22,1739.08,7302.6918,1736.216667
813,2023-06-12 21:00:00,1739.08,1744.22,1738.06,1743.39,6910.3942,1741.890000
814,2023-06-12 22:00:00,1743.38,1746.46,1740.70,1743.00,6491.2816,1743.386667
815,2023-06-12 23:00:00,1743.01,1744.35,1740.52,1742.57,3821.1130,1742.480000
816,2023-06-13 00:00:00,1742.57,1750.40,1728.72,1732.85,15281.6886,1737.323333
817,2023-06-13 01:00:00,1732.84,1748.00,1728.43,1740.72,11137.9966,1739.050000
818,2023-06-13 02:00:00,1740.71,1756.00,1737.67,1753.50,15541.1736,1749.056667
819,2023-06-13 03:00:00,1753.49,1754.43,1745.54,1747.37,7949.2178,1749.113333
820,2023-06-13 04:00:00,1747.38,1748.54,1741.13,1747.81,5234.2987,1745.826667
821,2023-06-13 05:00:00,1747.80,1752.71,1747.10,1749.37,5432.3509,1749.726667
822,2023-06-13 06:00:00,1749.36,1753.26,1747.33,1748.85,5853.9214,1749.813333
823,2023-06-13 07:00:00,1748.85,1752.49,1748.15,1748.27,4710.1560,1749.636667
824,2023-06-13 08:00:00,1748.28,1759.65,1746.94,1753.39,12465.2171,1753.326667
825,2023-06-13 09:00:00,1753.38,1755.61,1747.10,1749.63,8278.1476,1750.780000
826,2023-06-13 10:00:00,1749.63,1751.74,1747.42,1750.98,6257.1560,1750.046667
827,2023-06-13 11:00:00,1750.99,1755.29,1746.32,1753.81,13037.8316,1751.806667
828,2023-06-13 12:00:00,1753.80,1770.13,1728.88,1741.89,63266.4444,1746.966667
829,2023-06-13 13:00:00,1741.89,1746.26,1736.50,1738.69,18538.0094,1740.483333
830,2023-06-13 14:00:00,1738.70,1741.00,1731.27,1740.02,16074.1604,1737.430000
831,2023-06-13 15:00:00,1740.02,1740.03,1724.22,1730.18,22124.8974,1731.476667
832,2023-06-13 16:00:00,1730.17,1739.33,1729.21,1738.35,9772.5940,1735.630000
833,2023-06-13 17:00:00,1738.35,1740.22,1734.19,1736.88,5845.9172,1737.096667
834,2023-06-13 18:00:00,1736.88,1750.85,1735.00,1740.86,12889.5895,1742.236667
835,2023-06-13 19:00:00,1740.87,1744.41,1739.15,1740.31,4313.1765,1741.290000
836,2023-06-13 20:00:00,1740.31,1744.41,1736.58,1738.43,7552.6244,1739.806667
837,2023-06-13 21:00:00,1738.42,1740.62,1736.19,1739.22,4444.3807,1738.676667
838,2023-06-13 22:00:00,1739.21,1740.91,1733.36,1734.88,4403.4382,1736.383333
839,2023-06-13 23:00:00,1734.89,1740.40,1734.88,1740.12,3863.6138,1738.466667
840,2023-06-14 00:00:00,1740.12,1745.84,1738.26,1744.52,7910.4176,1742.873333
841,2023-06-14 01:00:00,1744.52,1747.25,1741.69,1747.22,5013.8683,1745.386667
842,2023-06-14 02:00:00,1747.21,1748.45,1744.43,1746.77,3719.2802,1746.550000
843,2023-06-14 03:00:00,1746.77,1747.53,1744.12,1746.12,4444.5812,1745.923333
844,2023-06-14 04:00:00,1746.11,1747.05,1741.63,1742.38,5336.3000,1743.686667
845,2023-06-14 05:00:00,1742.38,1742.71,1737.00,1738.57,7573.3813,1739.426667
846,2023-06-14 06:00:00,1738.57,1741.34,1737.87,1741.00,4022.0717,1740.070000
847,2023-06-14 07:00:00,1741.01,1742.55,1738.75,1741.29,5841.7585,1740.863333
848,2023-06-14 08:00:00,1741.28,1746.33,1740.90,1744.17,5055.3155,1743.800000
849,2023-06-14 09:00:00,1744.18,1747.42,1743.27,1745.11,5592.9712,1745.266667
850,2023-06-14 10:00:00,1745.11,1747.49,1743.73,1747.05,6785.6975,1746.090000
851,2023-06-14 11:00:00,1747.05,1750.03,1744.88,1745.96,6687.4737,1746.956667
852,2023-06-14 12:00:00,1745.96,1749.30,1743.42,1745.84,8670.9068,1746.186667
853,2023-06-14 13:00:00,1745.84,1746.05,1737.38,1741.00,10084.3543,1741.476667
854,2023-06-14 14:00:00,1741.01,1743.51,1738.85,1741.72,5943.2802,1741.360000
855,2023-06-14 15:00:00,1741.72,1744.22,1737.41,1741.05,5274.7404,1740.893333
856,2023-06-14 16:00:00,1741.04,1742.98,1738.15,1738.48,6399.4269,1739.870000
857,2023-06-14 17:00:00,1738.49,1745.00,1731.43,1743.46,14902.0972,1739.963333
858,2023-06-14 18:00:00,1743.45,1747.31,1720.01,1733.74,43336.3290,1733.686667
859,2023-06-14 19:00:00,1733.75,1739.50,1726.89,1728.33,14344.8495,1731.573333
860,2023-06-14 20:00:00,1728.34,1728.98,1630.43,1638.43,172022.2926,1665.946667
861,2023-06-14 21:00:00,1638.44,1656.00,1631.28,1654.53,35891.0486,1647.270000
862,2023-06-14 22:00:00,1654.53,1655.69,1647.01,1649.99,16464.4882,1650.896667
863,2023-06-14 23:00:00,1649.98,1653.58,1645.81,1650.95,14530.3966,1650.113333
864,2023-06-15 00:00:00,1650.95,1655.90,1649.12,1655.69,11074.3291,1653.570000
865,2023-06-15 01:00:00,1655.69,1656.59,1643.73,1649.26,14355.2006,1649.860000
866,2023-06-15 02:00:00,1649.26,1653.67,1649.08,1650.35,9769.4534,1651.033333
867,2023-06-15 03:00:00,1650.35,1654.00,1648.74,1652.00,7634.9191,1651.580000
868,2023-06-15 04:00:00,1652.00,1653.51,1645.62,1650.55,10467.4655,1649.893333
869,2023-06-15 05:00:00,1650.55,1651.53,1642.67,1647.50,20368.0755,1647.233333
870,2023-06-15 06:00:00,1647.50,1648.76,1634.56,1637.07,21041.6789,1640.130000
871,2023-06-15 07:00:00,1637.06,1643.55,1632.04,1639.95,16826.4839,1638.513333
872,2023-06-15 08:00:00,1639.96,1644.53,1639.07,1640.04,13296.7851,1641.213333
873,2023-06-15 09:00:00,1640.03,1640.93,1626.01,1636.96,30911.5941,1634.633333
874,2023-06-15 10:00:00,1636.97,1641.80,1633.60,1636.16,14628.4361,1637.186667
875,2023-06-15 11:00:00,1636.17,1645.16,1631.32,1643.05,17744.6906,1639.843333
876,2023-06-15 12:00:00,1643.05,1644.25,1635.91,1641.00,10502.1244,1640.386667
877,2023-06-15 13:00:00,1641.01,1652.14,1638.55,1647.98,21134.6916,1646.223333
878,2023-06-15 14:00:00,1647.98,1648.92,1642.70,1644.14,9951.3758,1645.253333
879,2023-06-15 15:00:00,1644.15,1646.61,1641.35,1642.42,13213.8541,1643.460000
880,2023-06-15 16:00:00,1642.42,1643.66,1638.88,1641.43,11127.7059,1641.323333
881,2023-06-15 17:00:00,1641.43,1651.58,1633.79,1650.19,15897.6049,1645.186667
882,2023-06-15 18:00:00,1650.19,1669.32,1647.34,1669.21,24078.9999,1661.956667
883,2023-06-15 19:00:00,1669.20,1672.37,1663.12,1668.97,18798.1657,1668.153333
884,2023-06-15 20:00:00,1668.97,1671.41,1654.32,1670.55,20023.1593,1665.426667
885,2023-06-15 21:00:00,1670.55,1680.91,1666.39,1666.80,20268.3913,1671.366667
886,2023-06-15 22:00:00,1666.81,1668.78,1664.28,1665.50,8620.9373,1666.186667
887,2023-06-15 23:00:00,1665.51,1667.76,1662.52,1666.96,9038.6475,1665.746667
888,2023-06-16 00:00:00,1666.96,1666.96,1660.69,1662.25,8064.1858,1663.300000
889,2023-06-16 01:00:00,1662.26,1666.58,1660.00,1663.17,5233.9676,1663.250000
890,2023-06-16 02:00:00,1663.16,1666.00,1661.82,1665.87,6261.5776,1664.563333
891,2023-06-16 03:00:00,1665.88,1669.54,1665.05,1667.11,5430.6312,1667.233333
892,2023-06-16 04:00:00,1667.10,1674.19,1666.76,1668.02,9498.8821,1669.656667
893,2023-06-16 05:00:00,1668.01,1673.77,1667.97,1672.91,8212.4604,1671.550000
894,2023-06-16 06:00:00,1672.91,1675.00,1671.57,1671.57,6317.6350,1672.713333
895,2023-06-16 07:00:00,1671.57,1673.39,1670.22,1671.08,10813.0846,1671.563333
896,2023-06-16 08:00:00,1671.08,1677.13,1670.33,1670.54,8595.9917,1672.666667
897,2023-06-16 09:00:00,1670.54,1673.00,1670.06,1670.50,5840.2289,1671.186667
898,2023-06-16 10:00:00,1670.50,1671.72,1668.23,1670.98,5856.0835,1670.310000
899,2023-06-16 11:00:00,1670.99,1671.88,1662.97,1664.42,14172.5037,1666.423333
900,2023-06-16 12:00:00,1664.43,1669.50,1663.98,1667.37,8721.5440,1666.950000
901,2023-06-16 13:00:00,1667.37,1673.70,1662.63,1663.29,10767.6716,1666.540000
902,2023-06-16 14:00:00,1663.30,1677.34,1649.86,1671.37,30727.7368,1666.190000
903,2023-06-16 15:00:00,1671.36,1688.00,1664.64,1682.31,32585.0730,1678.316667
904,2023-06-16 16:00:00,1682.32,1689.55,1677.56,1686.34,20926.4484,1684.483333
905,2023-06-16 17:00:00,1686.33,1703.24,1684.87,1698.47,31157.5260,1695.526667
906,2023-06-16 18:00:00,1698.46,1729.50,1694.81,1717.51,45752.2213,1713.940000
907,2023-06-16 19:00:00,1717.50,1722.34,1713.23,1722.19,10658.1890,1719.253333
908,2023-06-16 20:00:00,1722.18,1729.00,1718.87,1727.66,11559.8687,1725.176667
909,2023-06-16 21:00:00,1727.67,1728.34,1715.93,1717.13,7345.8482,1720.466667
910,2023-06-16 22:00:00,1717.12,1720.43,1717.12,1720.22,4236.6239,1719.256667
911,2023-06-16 23:00:00,1720.21,1720.44,1716.00,1717.92,2998.6074,1718.120000
912,2023-06-17 00:00:00,1717.91,1719.64,1715.46,1716.64,5464.6581,1717.246667
913,2023-06-17 01:00:00,1716.64,1718.81,1714.26,1715.55,5102.3484,1716.206667
914,2023-06-17 02:00:00,1715.55,1721.71,1714.73,1720.95,4189.2145,1719.130000
915,2023-06-17 03:00:00,1720.95,1721.88,1718.11,1718.74,4554.1619,1719.576667
916,2023-06-17 04:00:00,1718.75,1727.27,1717.53,1727.01,5750.1485,1723.936667
917,2023-06-17 05:00:00,1727.02,1770.00,1725.04,1759.33,50246.7002,1751.456667
918,2023-06-17 06:00:00,1759.33,1762.35,1745.84,1747.72,27728.6652,1751.970000
919,2023-06-17 07:00:00,1747.72,1749.94,1742.01,1744.63,10226.8225,1745.526667
920,2023-06-17 08:00:00,1744.62,1747.45,1741.69,1744.30,5091.9114,1744.480000
921,2023-06-17 09:00:00,1744.29,1746.39,1743.08,1743.18,4261.0543,1744.216667
922,2023-06-17 10:00:00,1743.17,1746.03,1742.86,1744.07,3026.6319,1744.320000
923,2023-06-17 11:00:00,1744.08,1745.20,1734.10,1738.41,11820.9005,1739.236667
924,2023-06-17 12:00:00,1738.40,1741.09,1730.13,1739.64,9977.3495,1736.953333
925,2023-06-17 13:00:00,1739.64,1742.22,1738.79,1739.81,3561.8251,1740.273333
926,2023-06-17 14:00:00,1739.81,1739.87,1733.02,1735.00,5487.4081,1735.963333
927,2023-06-17 15:00:00,1734.99,1736.30,1717.92,1727.88,18176.1584,1727.366667
928,2023-06-17 16:00:00,1727.88,1732.47,1724.62,1730.08,4347.8567,1729.056667
929,2023-06-17 17:00:00,1730.07,1731.00,1721.65,1723.93,9611.0236,1725.526667
930,2023-06-17 18:00:00,1723.94,1731.74,1722.79,1730.58,5660.5860,1728.370000
931,2023-06-17 19:00:00,1730.58,1730.58,1726.73,1728.39,2701.7640,1728.566667
932,2023-06-17 20:00:00,1728.39,1729.77,1723.09,1728.65,6328.3236,1727.170000
933,2023-06-17 21:00:00,1728.65,1729.85,1727.50,1728.36,2915.5187,1728.570000
934,2023-06-17 22:00:00,1728.37,1732.67,1728.36,1730.53,2442.7326,1730.520000
935,2023-06-17 23:00:00,1730.52,1731.77,1727.26,1727.76,2241.1579,1728.930000
936,2023-06-18 00:00:00,1727.75,1728.30,1720.47,1725.06,8314.1435,1724.610000
937,2023-06-18 01:00:00,1725.06,1728.35,1724.12,1728.35,2217.4342,1726.940000
938,2023-06-18 02:00:00,1728.34,1728.88,1725.07,1725.08,2679.2594,1726.343333
939,2023-06-18 03:00:00,1725.08,1730.20,1724.88,1728.89,3076.2181,1727.990000
940,2023-06-18 04:00:00,1728.90,1730.82,1728.00,1729.56,4077.1899,1729.460000
941,2023-06-18 05:00:00,1729.56,1738.32,1727.00,1727.60,8630.3900,1730.973333
942,2023-06-18 06:00:00,1727.59,1731.30,1722.43,1727.86,6187.2918,1727.196667
943,2023-06-18 07:00:00,1727.86,1734.41,1727.85,1730.14,6023.4434,1730.800000
944,2023-06-18 08:00:00,1730.14,1731.25,1725.78,1728.42,4622.9197,1728.483333
945,2023-06-18 09:00:00,1728.41,1733.75,1726.93,1733.48,4789.4395,1731.386667
946,2023-06-18 10:00:00,1733.49,1734.35,1729.93,1731.96,3813.6131,1732.080000
947,2023-06-18 11:00:00,1731.96,1735.38,1730.65,1734.44,2658.4930,1733.490000
948,2023-06-18 12:00:00,1734.45,1738.00,1730.20,1735.99,5492.6494,1734.730000
949,2023-06-18 13:00:00,1735.98,1740.00,1733.00,1733.06,4678.9424,1735.353333
950,2023-06-18 14:00:00,1733.06,1741.85,1731.52,1740.72,6994.1291,1738.030000
951,2023-06-18 15:00:00,1740.72,1742.21,1736.26,1738.11,4760.2027,1738.860000
952,2023-06-18 16:00:00,1738.12,1744.66,1736.22,1744.65,7749.0136,1741.843333
953,2023-06-18 17:00:00,1744.66,1747.84,1741.14,1745.47,8562.5953,1744.816667
954,2023-06-18 18:00:00,1745.46,1745.97,1738.28,1740.00,6366.3656,1741.416667
955,2023-06-18 19:00:00,1740.00,1741.96,1738.26,1741.33,3662.0763,1740.516667
956,2023-06-18 20:00:00,1741.34,1743.67,1720.77,1730.00,20254.0945,1731.480000
957,2023-06-18 21:00:00,1730.01,1730.64,1723.47,1725.01,6174.5729,1726.373333
958,2023-06-18 22:00:00,1725.01,1728.38,1722.42,1722.42,7140.9802,1724.406667
959,2023-06-18 23:00:00,1722.43,1725.44,1712.00,1720.95,17609.5552,1719.463333
960,2023-06-19 00:00:00,1720.95,1726.55,1714.32,1722.94,11120.1341,1721.270000
961,2023-06-19 01:00:00,1722.94,1727.40,1721.32,1725.32,3702.0848,1724.680000
962,2023-06-19 02:00:00,1725.31,1728.20,1725.03,1727.14,3263.0818,1726.790000
963,2023-06-19 03:00:00,1727.13,1727.71,1721.65,1723.52,3135.0516,1724.293333
964,2023-06-19 04:00:00,1723.52,1726.73,1720.00,1724.26,4722.7733,1723.663333
965,2023-06-19 05:00:00,1724.26,1727.48,1723.56,1727.01,2773.9177,1726.016667
966,2023-06-19 06:00:00,1727.01,1727.58,1723.89,1724.74,2565.7914,1725.403333
967,2023-06-19 07:00:00,1724.75,1726.06,1722.62,1724.49,3273.7025,1724.390000
968,2023-06-19 08:00:00,1724.48,1725.62,1721.00,1722.77,4309.3215,1723.130000
969,2023-06-19 09:00:00,1722.77,1724.16,1720.05,1723.91,4682.2820,1722.706667
970,2023-06-19 10:00:00,1723.92,1727.21,1720.57,1721.35,6984.2061,1723.043333
971,2023-06-19 11:00:00,1721.34,1726.58,1720.66,1725.87,4565.2281,1724.370000
972,2023-06-19 12:00:00,1725.87,1734.04,1725.08,1730.74,13921.3159,1729.953333
973,2023-06-19 13:00:00,1730.73,1733.77,1727.66,1728.19,6298.5818,1729.873333
974,2023-06-19 14:00:00,1728.20,1729.02,1716.01,1720.60,14694.8483,1721.876667
975,2023-06-19 15:00:00,1720.61,1722.14,1715.69,1721.45,7570.4921,1719.760000
976,2023-06-19 16:00:00,1721.45,1721.46,1698.00,1717.78,26092.8001,1712.413333
977,2023-06-19 17:00:00,1717.77,1734.00,1716.22,1729.78,17998.4900,1726.666667
978,2023-06-19 18:00:00,1729.79,1752.19,1711.22,1712.04,52492.3843,1725.150000
979,2023-06-19 19:00:00,1712.04,1727.33,1703.23,1724.24,21394.5324,1718.266667
980,2023-06-19 20:00:00,1724.25,1736.48,1722.79,1730.41,15227.4972,1729.893333
981,2023-06-19 21:00:00,1730.40,1732.44,1725.47,1732.30,4483.8102,1730.070000
982,2023-06-19 22:00:00,1732.32,1737.68,1730.59,1733.33,5528.8647,1733.866667
983,2023-06-19 23:00:00,1733.33,1737.99,1733.32,1737.11,4361.5670,1736.140000
984,2023-06-20 00:00:00,1737.10,1745.46,1734.68,1741.99,9332.2804,1740.710000
985,2023-06-20 01:00:00,1741.99,1749.79,1733.39,1734.31,13241.1848,1739.163333
986,2023-06-20 02:00:00,1734.31,1737.00,1731.81,1735.72,6050.6456,1734.843333
987,2023-06-20 03:00:00,1735.73,1737.35,1730.00,1730.74,7970.5795,1732.696667
988,2023-06-20 04:00:00,1730.75,1733.19,1728.81,1731.42,4789.0723,1731.140000
989,2023-06-20 05:00:00,1731.43,1734.63,1727.87,1728.53,6817.8831,1730.343333
990,2023-06-20 06:00:00,1728.54,1730.13,1723.66,1728.90,8650.8845,1727.563333
991,2023-06-20 07:00:00,1728.90,1730.29,1727.55,1729.99,2924.2042,1729.276667
992,2023-06-20 08:00:00,1729.98,1729.99,1724.12,1725.58,7044.9811,1726.563333
993,2023-06-20 09:00:00,1725.57,1731.44,1724.10,1728.77,6593.1652,1728.103333
994,2023-06-20 10:00:00,1728.78,1733.00,1727.71,1730.09,4456.5687,1730.266667
995,2023-06-20 11:00:00,1730.09,1734.59,1727.91,1734.39,4879.9259,1732.296667
996,2023-06-20 12:00:00,1734.39,1738.49,1730.51,1731.66,7322.6630,1733.553333
997,2023-06-20 13:00:00,1731.65,1733.08,1720.77,1723.45,8307.8124,1725.766667
