subject	run	subject_run_data
003	01	0.10053122396269876
003	02	0.5693807149679373
003	03	0.6477920307739066
003	04	0.7198285062162717
004	01	0.7450029814378568
004	02	0.7140414932743846
004	03	0.35087528494528974
004	04	0.8147451993931529
005	01	0.9977548129725173
005	02	0.8645806796647649
005	03	0.6347867852321133
005	04	0.22672761108967954
006	01	0.9140028329433435
006	02	0.9746492724198139
006	03	0.5041610242912999
006	04	0.6516363307760731
008	01	0.7346355927573436
008	02	0.9582989560273321
008	03	0.08302698835977651
008	04	0.9347408072875384
009	01	0.2626944299668803
009	02	0.21234305224967875
009	03	0.27609803568315994
009	04	0.6463603945380068
010	01	0.27059388703209164
010	02	0.8903258647536376
010	03	0.9091021967230842
010	04	0.5619287092339956
011	01	0.2213521826275231
011	02	0.3569920222412719
011	03	0.4699948065226388
011	04	0.32450085874752066
013	01	0.2888901168493483
013	02	0.4956678096626035
013	03	0.6285822623397326
013	04	0.8264658091531507
014	01	0.7122446444171997
014	02	0.12129464602967999
014	03	0.6937932187767797
014	04	0.14356020464351849
015	01	0.6399429036054559
015	02	0.8431359115611491
015	03	0.45430222769777706
015	04	0.5238893658170585
016	01	0.7544380614628285
016	02	0.1454771522356083
016	03	0.30766770275024946
016	04	0.5044417219178164
017	01	0.8025369219045235
017	02	0.779314958987866
017	03	0.3142676774190938
017	04	0.06649589789138066
018	01	0.26422949176496124
018	02	0.37226971232877126
018	03	0.3090711730187893
018	04	0.19192277843793237
019	01	0.5528431886713414
019	02	0.3491388583836935
019	03	0.0720985917475051
019	04	0.9890070879723686
020	01	0.4647582658725339
020	02	0.44849896910135745
020	03	0.4379857732100705
020	04	0.31209528949414567
021	01	0.21613896225045726
021	02	0.9849037404195806
021	03	0.17467177399979805
021	04	0.36213950430705966
022	01	0.13534821274579734
022	02	0.8641047816294811
022	03	0.681007996263654
022	04	0.5616941037039077
024	01	0.8354156445165632
024	02	0.9359363839019273
024	03	0.18117929668840504
024	04	0.14386498677220305
025	01	0.5937334462991329
025	02	0.28403246946429717
025	03	0.8520373677145506
025	04	0.4628235204026676
026	01	0.3573918817406331
026	02	0.9011209961368173
026	03	0.8274472839076169
026	04	0.902974603220943
027	01	0.07530254094030409
027	02	0.39022266426467245
027	03	0.45091685833569595
027	04	0.47722543463643297
029	01	0.7232341075749009
029	02	0.5953707993311433
029	03	0.04649936369516661
029	04	0.47478091949772705
030	01	0.6172766126433938
030	02	0.30481075014194925
030	03	0.1226942752748239
030	04	0.87187461275958
032	01	0.2564798485146911
032	02	0.708250689465108
032	03	0.967966742627003
032	04	0.5387137856491927
033	01	0.921685160801531
033	02	0.8543977835664446
033	03	0.46147486101395696
033	04	0.3610311975986772
035	01	0.5659383223826688
035	02	0.18240560989657484
035	03	0.19966350866098825
035	04	0.7430190751966623
036	01	0.266897822262662
036	02	0.6199547448057661
036	03	0.08349184487988215
036	04	0.40211794411506663
037	01	0.41762974114198903
037	02	0.8420890706452999
037	03	0.5411078041657595
037	04	0.8361280180081848
038	01	0.4892096089527137
038	02	0.9961883442410162
038	03	0.6531241206912893
038	04	0.09691274515609116
039	01	0.3112231024116425
039	02	0.27156454037226196
039	03	0.6164124040365494
039	04	0.34598369290199393
040	01	0.8099386891087745
040	02	0.7495287946780358
040	03	0.10620583953458251
040	04	0.8898475160143394
041	01	0.5287374378848274
041	02	0.19751137020184295
041	03	0.7040135561089088
041	04	0.5476125338190321
043	01	0.3626808949394471
043	02	0.6378811194452224
043	03	0.42422920757956706
043	04	0.5140371838583845
044	01	0.15423197917108755
044	02	0.8961995312534172
044	03	0.4786314592788249
044	04	0.16170669789628278
045	01	0.40100705807341186
045	02	0.9049644629889956
045	03	0.9895504544415047
045	04	0.38428636145923223
046	01	0.1549474536625881
046	02	0.8151309945092866
046	03	0.010175238508056128
046	04	0.6347681616826184
047	01	0.8286750491819997
047	02	0.9161792537737925
047	03	0.6181985710188955
047	04	0.20088627346887744
049	01	0.4864097530980356
049	02	0.9842883133599283
049	03	0.6838011085506879
049	04	0.6376737247507
050	01	0.6366096285652131
050	02	0.5185267902116875
050	03	0.5089687605117441
050	04	0.038796451208096494
051	01	0.11639202593213005
051	02	0.3166095787513603
051	03	0.21291934418224534
051	04	0.4614894436621906
052	01	0.6277353813039982
052	02	0.9688975919316677
052	03	0.7753395215582631
052	04	0.9566589544761582
053	01	0.8724160889141972
053	02	0.9462461014077125
053	03	0.8360809575141496
053	04	0.7712675708242421
054	01	0.6080259844928417
054	02	0.08406795835603387
054	03	0.10192874475316649
054	04	0.8915407110051529
055	01	0.9730152470699152
055	02	0.8046913538849708
055	03	0.7202938546785714
055	04	0.573536774286046
056	01	0.09867543641845411
056	02	0.2403308005145499
056	03	0.46461881648488845
056	04	0.3603724178742441
057	01	0.5705453269422689
057	02	0.025207642846233225
057	03	0.8156271826687128
057	04	0.12327733929973173
058	01	0.7974785767726079
058	02	0.2440444418258929
058	03	0.751774895364433
058	04	0.7395453327772417
059	01	0.8529020099219734
059	02	0.47627712440030845
059	03	0.8409939707815177
059	04	0.8737993052487689
060	01	0.8955334938008425
060	02	0.7147263165466186
060	03	0.6152594833297131
060	04	0.8576959286149349
061	01	0.13162857072979361
061	02	0.01722613799396988
061	03	0.9325467464913181
061	04	0.3976227664912806
062	01	0.41612888807481485
062	02	0.5876674344377641
062	03	0.8182266750595177
062	04	0.5586671958243957
063	01	0.2071289226443943
063	02	0.8197664363413172
063	03	0.028361456598516188
063	04	0.46785254920716135
064	01	0.2508032860318833
064	02	0.9019284859229216
064	03	0.3897408272283136
064	04	0.3295802237981398
066	01	0.07767711494054408
066	02	0.014456319835277509
066	03	0.6331561259225511
066	04	0.7248466207045883
067	01	0.3949960662115325
067	02	0.5252831540286406
067	03	0.6654222264718911
067	04	0.22198878049339565
068	01	0.4338501624304085
068	02	0.15221345531290542
068	03	0.43480740293052367
068	04	0.25839436080972933
069	01	0.15599389207699532
069	02	0.5841208404983991
069	03	0.32575471939657985
069	04	0.2267678398630345
070	01	0.10074945177924466
070	02	0.014647687691363043
070	03	0.9673039050150983
070	04	0.4518972583833122
071	01	0.41091176779564587
071	02	0.983975609360591
071	03	0.30079882182737394
071	04	0.831335089379442
072	01	0.7519005555449584
072	02	0.948464465028768
072	03	0.90291235455475
072	04	0.287096741730294
073	01	0.4897557836212494
073	02	0.5236675279980841
073	03	0.2234750015453839
073	04	0.9534775883212376
074	01	0.9129374376778954
074	02	0.3712142005824913
074	03	0.2653899414755563
074	04	0.05988333688486913
075	01	0.0032316082390131395
075	02	0.4201468018058957
075	03	0.8583355703656945
075	04	0.5320013445541351
076	01	0.8517706433559284
076	02	0.8366958484343409
076	03	0.20159169339497407
076	04	0.13156866813732226
077	01	0.798476008933527
077	02	0.24327784436021094
077	03	0.14037434373901725
077	04	0.11929021483315927
079	01	0.17596174301813872
079	02	0.3306166586016367
079	03	0.09512325591875503
079	04	0.26163958132261844
080	01	0.5894278414613813
080	02	0.18442785592228939
080	03	0.8098860401410374
080	04	0.5589018592409193
081	01	0.04198201600982221
081	02	0.8749889348967707
081	03	0.11892122328940058
081	04	0.2691298602318838
082	01	0.9629179014595998
082	02	0.8131302771203923
082	03	0.07399504676548396
082	04	0.29909440925791564
083	01	0.37305564794405943
083	02	0.47736620580057787
083	03	0.29001209413436435
083	04	0.1763777176322895
084	01	0.6463899996344318
084	02	0.3589379115926016
084	03	0.014112816529793681
084	04	0.16522841381880815
085	01	0.8901917802627297
085	02	0.11503104339144021
085	03	0.4123993970031238
085	04	0.8071664489421941
087	01	0.4378366090893353
087	02	0.7696033170745697
087	03	0.152330045985
087	04	0.7142176980843623
088	01	0.6689925852045787
088	02	0.8048154699337003
088	03	0.6110591447358326
088	04	0.2025885531640922
089	01	0.7799611857737236
089	02	0.06156381529321875
089	03	0.7169141002866591
089	04	0.09788180177660322
090	01	0.9505068502415385
090	02	0.03075175897673077
090	03	0.2772829605119873
090	04	0.7326635718872363
092	01	0.7190082796160038
092	02	0.2535970610811922
092	03	0.752592396552905
092	04	0.40868738110620384
093	01	0.9695215856416921
093	02	0.08026016550398896
093	03	0.8305097186166372
093	04	0.6524357147312513
094	01	0.6902703436432651
094	02	0.2663092423474388
094	03	0.07218255649671046
094	04	0.683479054766429
095	01	0.17618607707163025
095	02	0.4616019782889198
095	03	0.008281683967479303
095	04	0.09829905811371686
096	01	0.8378051696167615
096	02	0.1320962886769833
096	03	0.9947743730597461
096	04	0.03944017304706959
098	01	0.25906029867091174
098	02	0.5376384837188718
098	03	0.27639312724644316
098	04	0.9309001162355162
099	01	0.27903989379755023
099	02	0.3180462760258167
099	03	0.6143265519938269
099	04	0.3608381802267463
100	01	0.8216149491149629
100	02	0.5881883318455973
100	03	0.39167383813356327
100	04	0.7765729287264672
102	01	0.08225977771097759
102	02	0.8917627611997698
102	03	0.5913303259877756
102	04	0.03107714174423193
103	01	0.14663340063994512
103	02	0.3640288633403208
103	03	0.004173727780097725
103	04	0.22105079373645187
104	01	0.30346384259945647
104	02	0.7624358628237701
104	03	0.19739888883870405
104	04	0.8176772894523407
105	01	0.10233248510402126
105	02	0.6739574340595328
105	03	0.5874820197594116
105	04	0.1969724343615593
106	01	0.7640664810449108
106	02	0.8947450117724697
106	03	0.5242154546123279
106	04	0.5449511801496286
107	01	0.8063050807368823
107	02	0.2467497526034128
107	03	0.8771686890896949
107	04	0.14685452111590824
108	01	0.16843837197097167
108	02	0.23656859778150452
108	03	0.2685785362701598
108	04	0.8150440959381617
109	01	0.5168697391128926
109	02	0.7581796768777694
109	03	0.9608217961342097
109	04	0.20340018311233965
110	01	0.00136982237290173
110	02	0.2367187879902486
110	03	0.7895634336981193
110	04	0.8709830534083504
112	01	0.5216006364876059
112	02	0.8425874863097771
112	03	0.4235325920164269
112	04	0.9449180725112977
113	01	0.34351743013886415
113	02	0.09335300437973248
113	03	0.43647682534991894
113	04	0.8829850056473826
114	01	0.699301886099839
114	02	0.6583457844060243
114	03	0.6666380980869353
114	04	0.17575476791087175
115	01	0.5494461112385262
115	02	0.766030232651211
115	03	0.1947763856818594
115	04	0.04036864693803821
116	01	0.5435545321362809
116	02	0.4439660984450289
116	03	0.934053049689375
116	04	0.08507686536911807
117	01	0.8411494539892987
117	02	0.36279977339344793
117	03	0.23753506002948988
117	04	0.24933610789114913
118	01	0.5899738472100516
118	02	0.1533347725799431
118	03	0.11749008385104753
118	04	0.08722866451045364
119	01	0.982964881890254
119	02	0.6132971961823261
119	03	0.28360294177452683
119	04	0.10892299921275028
120	01	0.2715632049057889
120	02	0.8660850942466594
120	03	0.5229154739735606
120	04	0.962858587234231
121	01	0.7399970336069869
121	02	0.011173770516038406
121	03	0.13333769422949482
121	04	0.16182724293269868
123	01	0.17239775121307943
123	02	0.5664616098375405
123	03	0.061099724570174985
123	04	0.6344629004535401
124	01	0.1578572258400589
124	02	0.3534204407248328
124	03	0.7538214432675188
124	04	0.3790470777988574
